geoid,ses_index
01001,56.00
01003,52.39
01005,48.57
01007,63.36
01009,52.21
01011,47.46
01013,61.64
01015,27.08
01017,35.37
01019,37.11
01021,52.49
01023,62.46
01025,65.98
01027,26.20
01029,41.83
01031,45.63
01033,40.62
01035,33.99
01037,47.00
01039,5.62
01041,47.75
01043,49.55
01045,28.33
01047,37.48
01049,44.55
01051,27.83
01053,39.38
01055,37.70
01057,19.67
01059,42.70
01061,49.99
01063,51.02
01065,45.83
01067,28.84
01069,27.07
01071,34.28
01073,14.47
01075,41.97
01077,39.15
01079,41.72
01081,28.97
01083,40.32
01085,14.21
01087,23.00
01089,66.22
01091,52.51
01093,50.39
01095,41.19
01097,47.76
01099,42.41
01101,44.44
01103,49.11
01105,53.30
01107,25.80
01109,32.79
01111,56.98
01113,35.94
01115,31.39
01117,34.44
01119,31.97
01121,53.43
01123,35.87
01125,49.56
01127,47.84
01129,23.38
01131,49.86
01133,50.59
04001,61.53
04003,54.71
04005,45.44
04007,38.76
04009,43.35
04011,40.62
04012,44.33
04013,59.88
04015,23.45
04017,72.78
04019,51.43
04021,64.53
04023,48.97
04025,62.04
04027,59.68
05001,54.59
05003,38.86
05005,33.68
05007,64.74
05009,56.77
05011,32.89
05013,64.54
05015,51.09
05017,46.71
05019,34.12
05021,44.23
05023,73.51
05025,51.40
05027,40.10
05029,57.76
05031,46.24
05033,52.72
05035,42.00
05037,59.41
05039,65.91
05041,65.31
05043,48.95
05045,60.24
05047,40.32
05049,49.73
05051,42.62
05053,53.81
05055,41.16
05057,64.78
05059,32.64
05061,59.36
05063,19.38
05065,69.74
05067,30.27
05069,32.40
05071,42.96
05073,19.99
05075,35.18
05077,54.47
05079,57.84
05081,24.08
05083,40.56
05085,51.03
05087,53.15
05089,47.92
05091,45.16
05093,33.45
05095,67.73
05097,38.06
05099,24.95
05101,78.23
05103,53.91
05105,45.76
05107,37.72
05109,36.18
05111,42.77
05113,35.75
05115,46.81
05117,20.80
05119,62.59
05121,21.77
05123,58.75
05125,46.27
05127,51.23
05129,52.51
05131,26.04
05133,31.09
05135,48.26
05137,60.56
05139,17.60
05141,43.92
05143,44.99
05145,32.89
05147,23.59
05149,46.97
06001,59.87
06003,52.85
06005,66.52
06007,36.73
06009,59.12
06011,48.99
06013,31.02
06015,45.55
06017,68.55
06019,44.15
06021,46.37
06023,67.64
06025,44.92
06027,73.43
06029,58.42
06031,31.43
06033,44.52
06035,70.16
06037,16.26
06039,29.40
06041,61.17
06043,27.52
06045,58.29
06047,57.94
06049,81.65
06051,61.57
06053,55.43
06055,27.66
06057,68.84
06059,31.71
06061,82.12
06063,45.37
06065,37.03
06067,41.47
06069,61.20
06071,75.21
06073,58.56
06075,64.46
06077,45.57
06079,44.36
06081,55.91
06083,63.07
06085,55.64
06087,52.80
06089,34.09
06091,54.28
06093,57.86
06095,60.07
06097,76.66
06099,27.16
06101,28.60
06103,66.11
06105,29.61
06107,39.87
06109,42.87
06111,44.80
06113,54.51
06115,51.23
08001,64.53
08003,63.95
08005,13.47
08007,67.38
08009,60.41
08011,61.96
08013,68.65
08014,60.77
08015,66.66
08017,52.37
08019,39.34
08021,84.01
08023,51.18
08025,54.06
08027,83.85
08029,33.40
08031,41.59
08033,51.10
08035,40.27
08037,92.45
08039,58.36
08041,41.73
08043,52.05
08045,94.71
08047,73.56
08049,23.99
08051,79.57
08053,53.09
08055,26.74
08057,68.26
08059,44.51
08061,54.33
08063,72.88
08065,43.78
08067,60.23
08069,62.91
08071,55.34
08073,45.46
08075,64.89
08077,34.88
08079,66.31
08081,43.93
08083,60.82
08085,37.60
08087,39.01
08089,58.33
08091,66.79
08093,53.29
08095,57.49
08097,58.99
08099,63.53
08101,55.07
08103,55.47
08105,59.77
08107,64.86
08109,60.54
08111,67.10
08113,55.91
08115,52.62
08117,71.42
08119,48.89
08121,45.07
08123,32.00
08125,60.10
10001,52.40
10003,27.89
10005,65.82
11001,39.49
12001,54.51
12003,45.11
12005,48.21
12007,31.39
12009,59.29
12011,85.66
12013,63.24
12015,49.86
12017,26.39
12019,37.55
12021,39.15
12023,43.13
12027,56.06
12029,41.19
12031,34.56
12033,76.88
12035,45.59
12037,53.89
12039,44.91
12041,57.33
12043,58.81
12045,37.60
12047,43.10
12049,29.66
12051,60.51
12053,44.32
12055,54.29
12057,75.82
12059,51.26
12061,70.79
12063,52.49
12065,58.74
12067,67.38
12069,40.04
12071,32.55
12073,62.92
12075,47.09
12077,70.79
12079,56.37
12081,61.68
12083,51.73
12085,70.41
12086,46.50
12087,63.38
12089,37.01
12091,55.07
12093,57.21
12095,81.90
12097,55.01
12099,51.53
12101,61.15
12103,42.42
12105,48.07
12107,58.69
12109,71.93
12111,52.00
12113,33.08
12115,52.26
12117,46.29
12119,55.73
12121,50.39
12123,51.85
12125,33.05
12127,78.26
12129,61.84
12131,6.03
12133,39.59
13001,73.12
13003,45.94
13005,25.75
13007,50.21
13009,30.41
13011,35.49
13013,31.32
13015,34.33
13017,60.96
13019,59.17
13021,32.18
13023,43.44
13025,38.68
13027,61.15
13029,47.10
13031,29.14
13033,42.15
13035,57.30
13037,40.04
13039,68.64
13043,34.93
13045,62.35
13047,52.03
13049,38.24
13051,64.60
13053,44.75
13055,36.83
13057,46.49
13059,63.54
13061,41.18
13063,46.24
13065,47.59
13067,72.58
13069,51.99
13071,62.39
13073,67.99
13075,31.67
13077,58.44
13079,27.14
13081,51.42
13083,41.29
13085,49.38
13087,37.81
13089,55.77
13091,74.26
13093,39.40
13095,42.91
13097,49.69
13099,18.36
13101,50.54
13103,57.79
13105,60.19
13107,30.11
13109,56.31
13111,64.38
13113,55.71
13115,49.48
13117,60.07
13119,41.28
13121,48.19
13123,68.89
13125,39.92
13127,55.34
13129,62.95
13131,29.52
13133,40.10
13135,59.52
13137,34.78
13139,41.58
13141,69.07
13143,31.15
13145,35.05
13147,55.19
13149,40.18
13151,42.04
13153,55.70
13155,26.13
13157,48.46
13159,47.85
13161,31.20
13163,37.90
13165,29.51
13167,48.12
13169,70.04
13171,42.56
13173,28.49
13175,57.89
13177,32.29
13179,39.22
13181,50.55
13183,50.00
13185,62.99
13187,58.41
13189,44.56
13191,60.40
13193,39.04
13195,36.63
13197,42.98
13199,51.26
13201,28.76
13205,47.42
13207,20.56
13209,20.79
13211,34.34
13213,37.55
13215,66.07
13217,55.05
13219,45.30
13221,34.02
13223,28.49
13225,52.27
13227,41.35
13229,46.19
13231,61.86
13233,55.90
13235,39.09
13237,52.31
13239,46.35
13241,54.14
13243,37.23
13245,56.64
13247,14.27
13249,47.84
13251,45.07
13253,58.66
13255,53.25
13257,40.45
13259,40.32
13261,12.59
13263,43.99
13265,50.88
13267,30.82
13269,21.88
13271,27.85
13273,54.28
13275,68.66
13277,25.96
13279,28.74
13281,59.23
13283,29.31
13285,38.61
13287,17.43
13289,36.95
13291,51.72
13293,41.27
13295,28.91
13297,49.44
13299,30.40
13301,41.38
13303,46.26
13305,72.53
13307,34.12
13309,24.67
13311,33.88
13313,51.38
13315,42.61
13317,44.56
13319,57.87
13321,69.57
16001,29.59
16003,49.24
16005,44.69
16007,79.24
16009,44.51
16011,44.87
16013,54.83
16015,64.81
16017,49.65
16019,62.93
16021,58.69
16023,57.74
16025,52.03
16027,7.14
16029,68.68
16031,80.97
16033,54.11
16035,66.83
16037,70.13
16039,57.18
16041,49.81
16043,73.97
16045,51.28
16047,62.94
16049,25.84
16051,59.72
16053,28.26
16055,28.19
16057,59.69
16059,54.47
16061,51.92
16063,81.56
16065,54.57
16067,44.67
16069,34.48
16071,53.44
16073,61.05
16075,38.91
16077,63.49
16079,38.32
16081,86.81
16083,48.44
16085,47.53
16087,55.23
17001,50.86
17003,11.53
17005,61.42
17007,31.88
17009,67.01
17011,17.44
17013,33.91
17015,65.32
17017,69.44
17019,39.79
17021,31.79
17023,48.53
17025,74.16
17027,51.48
17029,51.05
17031,33.11
17033,71.99
17035,50.73
17037,39.17
17039,42.42
17041,23.81
17043,47.98
17045,65.96
17047,42.38
17049,41.76
17051,48.12
17053,56.50
17055,38.78
17057,39.75
17059,21.30
17061,46.57
17063,14.95
17065,47.17
17067,48.80
17069,25.78
17071,51.66
17073,50.05
17075,65.06
17077,34.95
17079,38.02
17081,59.15
17083,51.25
17085,57.44
17087,72.01
17089,55.38
17091,31.77
17093,45.63
17095,57.00
17097,36.59
17099,50.08
17101,54.83
17103,48.48
17105,28.55
17107,24.92
17109,62.66
17111,40.58
17113,66.91
17115,19.43
17117,29.75
17119,23.32
17121,24.52
17123,50.14
17125,28.37
17127,39.95
17129,44.38
17131,41.31
17133,43.85
17135,68.73
17137,60.95
17139,57.76
17141,36.82
17143,43.02
17145,41.83
17147,54.91
17149,24.70
17151,37.67
17153,48.95
17155,65.50
17157,55.61
17159,33.46
17161,46.82
17163,59.17
17165,39.69
17167,16.96
17169,60.38
17171,53.53
17173,47.92
17175,27.58
17177,35.44
17179,29.11
17181,49.59
17183,34.78
17185,15.07
17187,24.04
17189,61.00
17191,44.64
17193,46.45
17195,33.86
17197,35.65
17199,19.02
17201,26.08
17203,73.10
18001,34.34
18003,45.95
18005,51.42
18007,35.26
18009,44.51
18011,45.90
18013,34.97
18015,30.98
18017,42.38
18019,49.03
18021,56.48
18023,32.83
18025,50.16
18027,60.14
18029,43.11
18031,34.68
18033,36.84
18035,24.66
18037,34.00
18039,45.32
18041,18.19
18043,23.39
18045,51.61
18047,51.62
18049,48.59
18051,57.11
18053,56.63
18055,81.91
18057,40.75
18059,58.22
18061,12.95
18063,33.43
18065,25.73
18067,83.00
18069,44.01
18071,38.34
18073,41.90
18075,38.80
18077,48.63
18079,31.63
18081,34.18
18083,29.19
18085,29.54
18087,47.78
18089,52.05
18091,63.46
18093,56.59
18095,63.37
18097,37.57
18099,42.67
18101,42.64
18103,33.01
18105,34.33
18107,56.75
18109,84.03
18111,33.63
18113,30.99
18115,23.23
18117,31.47
18119,33.07
18121,44.19
18123,16.61
18125,53.26
18127,42.97
18129,50.56
18131,59.48
18133,43.23
18135,52.32
18137,33.17
18139,44.69
18141,48.96
18143,45.43
18145,48.18
18147,46.32
18149,46.26
18151,29.39
18153,34.38
18155,31.77
18157,36.60
18159,48.96
18161,48.20
18163,28.90
18165,75.71
18167,61.28
18169,49.16
18171,16.18
18173,27.41
18175,31.41
18177,52.66
18179,20.86
18181,64.16
18183,28.14
19001,33.41
19003,44.33
19005,48.67
19007,58.26
19009,54.19
19011,67.33
19013,36.21
19015,74.02
19017,61.32
19019,48.42
19021,53.95
19023,47.51
19025,33.82
19027,71.77
19029,77.10
19031,32.38
19033,32.65
19035,57.10
19037,31.01
19039,51.10
19041,61.70
19043,47.28
19045,30.16
19047,56.32
19049,35.27
19051,46.69
19053,53.03
19055,68.49
19057,56.00
19059,44.50
19061,52.65
19063,53.00
19065,42.14
19067,43.78
19069,27.00
19071,42.80
19073,34.44
19075,44.64
19077,58.10
19079,56.10
19081,60.82
19083,54.32
19085,41.72
19087,54.60
19089,19.64
19091,46.28
19093,12.60
19095,36.61
19097,53.44
19099,40.71
19101,23.26
19103,44.87
19105,71.91
19107,76.22
19109,44.02
19111,43.72
19113,68.46
19115,63.31
19117,45.60
19119,41.74
19121,50.28
19123,51.67
19125,48.88
19127,49.61
19129,22.59
19131,42.95
19133,20.65
19135,59.37
19137,49.36
19139,42.22
19141,49.58
19143,30.01
19145,65.01
19147,34.79
19149,23.52
19151,67.06
19153,50.47
19155,35.90
19157,46.55
19159,81.81
19161,39.41
19163,49.09
19165,48.27
19167,50.18
19169,43.32
19171,57.85
19173,50.00
19175,53.07
19177,56.01
19179,52.29
19181,33.05
19183,44.41
19185,36.74
19187,43.74
19189,33.20
19191,49.26
19193,50.80
19195,39.72
19197,52.87
20001,42.48
20003,24.72
20005,59.73
20007,57.71
20009,54.61
20011,41.20
20013,42.85
20015,33.53
20017,24.47
20019,42.33
20021,43.91
20023,66.28
20025,47.29
20027,59.74
20029,53.28
20031,37.79
20033,37.18
20035,50.25
20037,67.35
20039,54.16
20041,54.67
20043,48.99
20045,33.86
20047,61.86
20049,52.91
20051,53.73
20053,43.23
20055,66.33
20057,46.29
20059,59.45
20061,71.66
20063,61.42
20065,39.55
20067,64.80
20069,60.73
20071,57.86
20073,60.29
20075,40.04
20077,46.44
20079,57.66
20081,60.47
20083,54.84
20085,58.76
20087,30.47
20089,54.58
20091,59.10
20093,60.26
20095,58.89
20097,84.10
20099,34.24
20101,46.04
20103,58.45
20105,53.48
20107,38.38
20109,46.79
20111,68.85
20113,54.59
20115,68.29
20117,40.15
20119,58.68
20121,36.57
20123,40.05
20125,37.77
20127,65.63
20129,61.75
20131,70.76
20133,47.34
20135,54.28
20137,55.41
20139,39.18
20141,22.07
20143,76.49
20145,50.55
20147,64.12
20149,56.78
20151,49.91
20153,78.10
20155,36.91
20157,23.72
20159,68.69
20161,54.67
20163,65.17
20165,71.34
20167,40.88
20169,33.36
20171,41.75
20173,26.99
20175,45.58
20177,22.02
20179,51.77
20181,70.57
20183,25.58
20185,56.34
20187,52.30
20189,55.52
20191,64.55
20193,72.73
20195,31.96
20197,55.37
20199,24.74
20201,29.36
20203,33.96
20205,36.36
20207,29.21
20209,49.12
21001,32.43
21003,66.62
21005,50.30
21007,17.72
21009,40.95
21011,35.45
21013,21.11
21015,41.22
21017,48.92
21019,32.66
21021,46.20
21023,60.14
21025,65.49
21027,48.02
21029,27.20
21031,71.38
21033,50.41
21035,42.08
21037,70.64
21039,48.91
21041,55.97
21043,42.14
21045,46.00
21047,50.88
21049,45.36
21051,30.00
21053,76.71
21055,40.37
21057,58.12
21059,27.15
21061,32.96
21063,49.89
21065,59.19
21067,69.95
21069,46.18
21071,32.38
21073,70.37
21075,60.97
21077,29.06
21079,43.52
21081,56.21
21083,38.95
21085,41.73
21087,56.32
21089,71.58
21091,41.97
21093,34.97
21095,32.93
21097,50.45
21099,24.56
21101,10.15
21103,27.77
21105,33.47
21107,33.47
21109,56.10
21111,55.23
21113,31.44
21115,44.97
21117,44.41
21119,62.84
21121,59.26
21123,62.15
21125,38.82
21127,66.18
21129,39.82
21131,15.96
21133,81.33
21135,34.03
21137,50.85
21139,61.35
21141,40.53
21143,48.00
21145,65.32
21147,54.61
21149,47.24
21151,24.80
21153,47.70
21155,37.11
21157,16.99
21159,21.57
21161,23.93
21163,42.18
21165,58.40
21167,30.40
21169,74.21
21171,48.88
21173,55.33
21175,61.82
21177,40.69
21179,57.70
21181,25.40
21183,32.60
21185,54.54
21187,49.38
21189,66.21
21191,56.44
21193,49.90
21195,30.47
21197,47.74
21199,56.72
21201,42.80
21203,43.37
21205,50.15
21207,37.76
21209,43.63
21211,29.67
21213,27.11
21215,79.22
21217,30.36
21219,28.28
21221,40.69
21223,41.88
21225,33.27
21227,30.48
21229,49.45
21231,35.86
21233,67.78
21235,47.38
21237,54.37
21239,44.58
22001,45.69
22003,37.94
22005,36.58
22007,48.84
22009,56.59
22011,53.94
22013,24.42
22015,42.39
22017,53.15
22019,53.59
22021,27.58
22023,52.19
22025,64.20
22027,57.76
22029,65.84
22031,57.85
22033,64.49
22035,46.16
22037,25.65
22039,11.10
22041,52.99
22043,66.77
22045,79.83
22047,45.54
22049,38.82
22051,53.25
22053,54.73
22055,64.09
22057,33.19
22059,65.68
22061,65.07
22063,61.49
22065,30.83
22067,33.08
22069,21.12
22071,45.33
22073,44.53
22075,92.71
22077,47.79
22079,37.42
22081,67.00
22083,35.26
22085,56.64
22087,46.46
22089,64.54
22091,50.48
22093,37.17
22095,31.78
22097,43.31
22099,67.20
22101,52.59
22103,42.34
22105,70.51
22107,48.49
22109,55.48
22111,37.73
22113,65.36
22115,54.35
22117,54.34
22119,54.74
22121,58.86
22123,47.96
22125,25.61
22127,57.62
23001,37.42
23003,72.99
23005,66.76
23007,49.27
23009,44.15
23011,72.35
23013,74.72
23015,32.44
23017,52.69
23019,52.42
23021,53.55
23023,47.31
23025,37.42
23027,54.27
23029,50.93
23031,38.70
24001,62.05
24003,47.06
24005,45.54
24009,49.35
24011,37.43
24013,43.90
24015,65.76
24017,46.97
24019,28.43
24021,56.43
24023,36.63
24025,52.92
24027,76.09
24029,39.08
24031,47.04
24033,47.11
24035,21.73
24037,56.26
24039,44.29
24041,54.75
24043,75.91
24045,42.22
24047,72.02
24510,46.69
25001,41.04
25003,48.18
25005,34.03
25007,48.55
25009,60.36
25011,54.32
25013,60.18
25015,22.83
25017,67.58
25019,36.12
25021,54.99
25023,48.34
25025,48.34
25027,60.08
26001,62.42
26003,59.92
26005,29.10
26007,77.78
26009,79.44
26011,58.56
26013,63.81
26015,45.97
26017,67.25
26019,38.70
26021,40.24
26023,34.17
26025,38.68
26027,65.78
26029,65.44
26031,48.68
26033,74.51
26035,44.93
26037,87.53
26039,40.99
26041,30.79
26043,60.51
26045,19.49
26047,34.23
26049,49.98
26051,75.49
26053,55.22
26055,90.02
26057,60.59
26059,45.79
26061,78.91
26063,51.82
26065,32.11
26067,61.25
26069,47.25
26071,39.76
26073,20.01
26075,57.51
26077,33.68
26079,49.24
26081,23.84
26083,50.83
26085,56.98
26087,23.36
26089,62.20
26091,35.04
26093,43.59
26095,36.30
26097,74.28
26099,41.09
26101,65.84
26103,49.43
26105,53.82
26107,45.62
26109,71.01
26111,58.60
26113,67.39
26115,25.37
26117,46.20
26119,61.52
26121,45.95
26123,50.56
26125,41.29
26127,41.99
26129,55.97
26131,57.35
26133,33.22
26135,43.81
26137,50.62
26139,29.29
26141,60.63
26143,54.21
26145,33.17
26147,51.25
26149,39.09
26151,43.13
26153,58.24
26155,50.70
26157,52.04
26159,66.18
26161,46.29
26163,37.76
26165,43.01
27001,49.22
27003,41.17
27005,70.50
27007,47.05
27009,74.99
27011,51.43
27013,57.15
27015,39.22
27017,52.55
27019,48.36
27021,57.07
27023,48.68
27025,55.83
27027,60.63
27029,78.43
27031,41.79
27033,58.22
27035,39.69
27037,52.30
27039,43.27
27041,71.81
27043,30.65
27045,60.18
27047,55.78
27049,36.82
27051,43.08
27053,59.31
27055,31.14
27057,63.95
27059,70.05
27061,68.51
27063,59.29
27065,38.08
27067,74.86
27069,45.41
27071,41.74
27073,81.72
27075,50.54
27077,61.66
27079,61.57
27081,57.27
27083,78.88
27085,55.00
27087,63.18
27089,45.55
27091,73.54
27093,60.41
27095,35.55
27097,57.11
27099,63.36
27101,53.85
27103,33.35
27105,41.58
27107,71.50
27109,75.96
27111,60.32
27113,75.33
27115,45.18
27117,55.03
27119,65.41
27121,74.00
27123,40.51
27125,70.98
27127,53.60
27129,51.45
27131,59.78
27133,45.17
27135,44.08
27137,53.35
27139,39.37
27141,49.10
27143,57.43
27145,44.41
27147,78.19
27149,46.33
27151,56.41
27153,43.74
27155,58.11
27157,62.14
27159,34.08
27161,68.59
27163,28.71
27165,40.74
27167,87.49
27169,44.55
27171,43.37
27173,76.47
28001,51.24
28003,50.81
28005,45.75
28007,61.08
28009,60.72
28011,20.83
28013,42.34
28015,49.98
28017,28.15
28019,32.83
28021,42.21
28023,44.82
28025,50.50
28027,52.60
28029,61.70
28031,50.81
28033,57.21
28035,45.21
28037,24.08
28039,29.41
28041,65.28
28043,49.55
28045,25.15
28047,50.95
28049,32.87
28051,46.44
28053,61.76
28055,22.70
28057,35.40
28059,44.68
28061,44.51
28063,48.36
28065,21.90
28067,63.20
28069,41.46
28071,42.49
28073,68.17
28075,30.54
28077,59.92
28079,41.97
28081,45.08
28083,46.58
28085,38.40
28087,73.48
28089,41.96
28091,57.32
28093,37.87
28095,38.85
28097,55.83
28099,31.21
28101,43.96
28103,74.95
28105,61.89
28107,36.83
28109,55.04
28111,64.27
28113,41.42
28115,27.92
28117,56.53
28119,54.25
28121,49.64
28123,60.83
28125,57.60
28127,49.55
28129,42.35
28131,50.83
28133,34.77
28135,65.09
28137,58.91
28139,64.84
28141,56.33
28143,50.30
28145,42.20
28147,52.70
28149,56.39
28151,63.43
28153,55.74
28155,50.68
28157,47.95
28159,25.78
28161,59.57
28163,41.41
29001,44.48
29003,59.35
29005,61.57
29007,36.07
29009,56.67
29011,53.45
29013,55.63
29015,54.76
29017,59.06
29019,70.55
29021,45.00
29023,59.09
29025,54.64
29027,23.77
29029,36.90
29031,49.62
29033,16.71
29035,83.84
29037,61.24
29039,60.89
29041,24.35
29043,27.74
29045,72.56
29047,57.91
29049,33.41
29051,39.26
29053,56.50
29055,30.21
29057,31.84
29059,45.00
29061,34.91
29063,35.57
29065,40.68
29067,48.87
29069,56.92
29071,55.44
29073,23.43
29075,44.44
29077,69.71
29079,53.82
29081,74.15
29083,27.60
29085,39.97
29087,44.46
29089,51.56
29091,56.87
29093,60.87
29095,69.76
29097,58.93
29099,30.53
29101,63.50
29103,77.35
29105,32.86
29107,69.46
29109,86.00
29111,33.22
29113,39.57
29115,54.19
29117,52.27
29119,51.65
29121,67.99
29123,31.73
29125,84.70
29127,38.10
29129,41.40
29131,67.34
29133,58.13
29135,36.84
29137,50.24
29139,29.25
29141,38.88
29143,56.62
29145,39.69
29147,68.33
29149,66.43
29151,22.13
29153,62.74
29155,53.87
29157,27.37
29159,29.08
29161,42.53
29163,58.30
29165,42.91
29167,71.74
29169,54.35
29171,56.20
29173,48.69
29175,44.06
29177,47.21
29179,51.83
29181,28.27
29183,23.36
29185,51.39
29186,54.58
29187,61.33
29189,63.56
29195,30.09
29197,55.35
29199,58.32
29201,44.04
29203,40.52
29205,43.35
29207,44.44
29209,33.47
29211,44.57
29213,43.19
29215,47.87
29217,40.90
29219,44.80
29221,54.99
29223,42.56
29225,53.67
29227,27.49
29229,22.46
29510,46.09
30001,59.38
30003,57.93
30005,61.86
30007,30.90
30009,47.34
30011,51.32
30013,76.79
30015,57.19
30017,55.75
30019,53.78
30021,63.16
30023,43.96
30025,55.12
30027,47.70
30029,46.97
30031,75.03
30033,72.79
30035,57.64
30037,76.27
30039,35.24
30041,57.83
30043,69.52
30045,48.53
30047,60.96
30049,78.60
30051,44.32
30053,29.73
30055,51.89
30057,59.92
30059,55.15
30061,60.02
30063,34.01
30065,58.60
30067,40.26
30069,28.76
30071,40.91
30073,61.01
30075,63.86
30077,42.01
30079,61.80
30081,32.45
30083,31.63
30085,66.81
30087,88.10
30089,55.29
30091,78.53
30093,42.81
30095,47.57
30097,56.50
30099,24.43
30101,45.51
30103,62.98
30105,89.58
30107,87.02
30109,66.02
30111,45.55
31001,67.62
31003,48.13
31005,79.63
31007,61.76
31009,77.51
31011,48.85
31013,54.54
31015,42.44
31017,60.47
31019,34.53
31021,38.85
31023,18.37
31025,66.40
31027,46.77
31029,24.87
31031,71.21
31033,63.90
31035,34.71
31037,61.32
31039,52.73
31041,50.52
31043,58.79
31045,79.40
31047,46.94
31049,65.09
31051,56.91
31053,55.98
31055,66.18
31057,47.49
31059,46.70
31061,56.13
31063,50.36
31065,23.70
31067,58.20
31069,79.87
31071,71.80
31073,66.79
31075,71.79
31077,48.36
31079,39.87
31081,55.48
31083,57.94
31085,52.80
31087,47.60
31089,33.74
31091,62.36
31093,39.28
31095,38.69
31097,48.77
31099,55.37
31101,47.95
31103,50.80
31105,52.19
31107,59.45
31109,53.93
31111,34.70
31113,61.58
31115,75.02
31117,36.49
31119,60.80
31121,47.21
31123,58.48
31125,46.00
31127,55.44
31129,39.46
31131,59.44
31133,47.79
31135,55.31
31137,59.24
31139,61.05
31141,54.79
31143,55.10
31145,76.07
31147,44.26
31149,47.40
31151,44.41
31153,60.77
31155,46.08
31157,71.28
31159,54.22
31161,60.14
31163,44.63
31165,49.59
31167,35.56
31169,66.22
31171,61.82
31173,47.39
31175,87.78
31177,48.82
31179,53.69
31181,70.15
31183,34.38
31185,38.16
32001,56.70
32003,56.12
32005,65.37
32007,55.20
32009,55.88
32011,57.52
32013,64.05
32015,56.07
32017,89.24
32019,68.22
32021,59.62
32023,57.02
32027,52.49
32029,43.02
32031,60.14
32033,78.15
32510,86.66
33001,49.70
33003,45.26
33005,43.84
33007,52.84
33009,33.07
33011,46.78
33013,51.26
33015,41.04
33017,59.75
33019,54.79
34001,46.00
34003,56.72
34005,31.76
34007,19.95
34009,21.28
34011,53.90
34013,54.98
34015,28.81
34017,47.51
34019,38.36
34021,58.36
34023,40.93
34025,62.66
34027,67.82
34029,52.30
34031,41.84
34033,48.85
34035,72.68
34037,70.32
34039,46.01
34041,43.01
35001,52.25
35003,58.96
35005,46.30
35006,54.83
35007,64.03
35009,51.64
35011,66.98
35013,40.03
35015,67.84
35017,75.50
35019,67.08
35021,54.14
35023,49.19
35025,32.82
35027,59.69
35028,71.70
35029,62.91
35031,63.18
35033,35.75
35035,40.05
35037,39.64
35039,58.81
35041,46.54
35043,38.47
35045,95.00
35047,66.26
35049,73.54
35051,41.77
35053,68.55
35055,56.61
35057,56.77
35059,65.03
35061,57.11
36001,42.21
36003,68.16
36005,36.32
36007,28.54
36009,89.17
36011,47.48
36013,25.26
36015,70.14
36017,51.17
36019,71.06
36021,58.31
36023,43.72
36025,49.88
36027,42.34
36029,56.49
36031,70.22
36033,42.28
36035,53.97
36037,51.43
36039,59.45
36041,57.44
36043,56.35
36045,70.76
36047,67.99
36049,78.68
36051,75.22
36053,61.87
36055,75.57
36057,59.43
36059,59.52
36061,49.14
36063,22.85
36065,41.87
36067,73.56
36069,58.35
36071,73.77
36073,51.03
36075,52.95
36077,67.07
36079,42.62
36081,5.00
36083,56.35
36085,23.34
36087,44.55
36089,60.17
36091,50.15
36093,76.67
36095,35.34
36097,82.10
36099,44.07
36101,45.37
36103,55.83
36105,43.69
36107,70.14
36109,48.01
36111,57.14
36113,55.94
36115,58.58
36117,63.95
36119,56.43
36121,35.62
36123,58.11
37001,41.48
37003,36.21
37005,48.19
37007,40.05
37009,48.98
37011,35.33
37013,54.43
37015,67.46
37017,51.95
37019,39.57
37021,51.16
37023,21.90
37025,68.88
37027,49.99
37029,21.12
37031,45.49
37033,50.72
37035,66.47
37037,37.57
37039,56.38
37041,80.42
37043,28.02
37045,23.31
37047,27.40
37049,53.23
37051,61.26
37053,51.74
37055,75.57
37057,68.18
37059,49.54
37061,56.94
37063,30.85
37065,47.73
37067,30.53
37069,44.27
37071,22.03
37073,45.46
37075,40.30
37077,46.29
37079,48.00
37081,47.55
37083,50.36
37085,31.33
37087,37.08
37089,40.42
37091,66.14
37093,54.04
37095,45.23
37097,38.85
37099,60.81
37101,56.71
37103,50.57
37105,32.50
37107,37.52
37109,69.14
37111,55.80
37113,35.43
37115,64.14
37117,54.87
37119,26.99
37121,50.06
37123,30.75
37125,60.35
37127,58.36
37129,62.36
37131,50.74
37133,47.48
37135,27.07
37137,80.35
37139,53.93
37141,74.70
37143,18.59
37145,54.35
37147,39.68
37149,37.26
37151,27.72
37153,33.77
37155,19.53
37157,18.76
37159,39.68
37161,47.36
37163,47.19
37165,62.28
37167,42.49
37169,49.24
37171,64.70
37173,29.43
37175,38.90
37177,48.91
37179,48.32
37181,51.72
37183,32.36
37185,56.15
37187,53.12
37189,65.43
37191,30.92
37193,54.94
37195,48.09
37197,34.44
37199,53.25
38001,7.61
38003,64.34
38005,52.70
38007,73.96
38009,43.25
38011,65.23
38013,64.86
38015,67.87
38017,53.68
38019,53.93
38021,46.90
38023,72.10
38025,52.20
38027,45.95
38029,44.36
38031,55.46
38033,72.37
38035,72.68
38037,95.00
38039,65.71
38041,55.72
38043,68.21
38045,34.31
38047,43.68
38049,88.79
38051,31.69
38053,76.40
38055,49.43
38057,81.97
38059,37.67
38061,56.14
38063,48.04
38065,82.64
38067,36.80
38069,58.66
38071,64.97
38073,48.54
38075,68.83
38077,44.89
38079,35.92
38081,71.11
38083,66.96
38085,94.45
38087,82.94
38089,55.49
38091,63.96
38093,75.31
38095,41.37
38097,63.62
38099,73.07
38101,51.01
38103,42.70
38105,60.85
39001,31.91
39003,45.33
39005,68.51
39007,54.67
39009,46.78
39011,39.60
39013,43.62
39015,41.97
39017,53.57
39019,35.50
39021,47.38
39023,45.73
39025,45.52
39027,41.20
39029,15.55
39031,28.25
39033,34.12
39035,64.49
39037,44.19
39039,53.31
39041,33.26
39043,39.00
39045,65.53
39047,49.40
39049,36.70
39051,71.96
39053,51.03
39055,57.35
39057,50.87
39059,39.57
39061,5.00
39063,41.00
39065,38.18
39067,62.29
39069,59.66
39071,36.38
39073,36.87
39075,11.03
39077,48.10
39079,49.09
39081,44.16
39083,16.04
39085,53.32
39087,45.65
39089,45.27
39091,58.07
39093,70.15
39095,91.94
39097,49.51
39099,48.68
39101,32.38
39103,43.08
39105,35.04
39107,26.81
39109,13.83
39111,27.35
39113,45.74
39115,62.53
39117,56.87
39119,67.63
39121,57.37
39123,34.74
39125,60.27
39127,55.41
39129,39.63
39131,66.16
39133,37.67
39135,64.82
39137,54.90
39139,40.82
39141,51.85
39143,49.55
39145,20.61
39147,79.45
39149,52.17
39151,28.48
39153,47.13
39155,45.94
39157,32.05
39159,22.44
39161,43.52
39163,30.79
39165,40.33
39167,56.63
39169,55.09
39171,43.98
39173,30.50
39175,42.65
40001,47.54
40003,44.63
40005,26.90
40007,72.24
40009,50.87
40011,43.65
40013,34.82
40015,73.33
40017,25.44
40019,39.75
40021,65.48
40023,59.44
40025,60.17
40027,62.16
40029,54.46
40031,64.25
40033,43.30
40035,51.20
40037,56.07
40039,58.00
40041,26.82
40043,50.11
40045,35.71
40047,58.76
40049,47.36
40051,26.76
40053,62.35
40055,50.88
40057,60.20
40059,60.98
40061,49.14
40063,53.46
40065,42.33
40067,59.85
40069,54.60
40071,41.12
40073,45.66
40075,33.93
40077,58.49
40079,41.85
40081,46.62
40083,39.37
40085,61.12
40087,52.27
40089,41.14
40091,45.77
40093,54.37
40095,45.49
40097,46.03
40099,64.99
40101,53.72
40103,34.64
40105,45.18
40107,36.91
40109,38.34
40111,44.62
40113,46.40
40115,54.44
40117,48.98
40119,62.57
40121,70.99
40123,70.40
40125,48.59
40127,61.68
40129,33.22
40131,30.21
40133,52.45
40135,51.12
40137,55.75
40139,61.34
40141,34.17
40143,30.12
40145,32.16
40147,53.56
40149,28.98
40151,34.84
40153,40.33
41001,81.31
41003,49.07
41005,43.42
41007,62.74
41009,62.49
41011,47.56
41013,48.89
41015,59.32
41017,56.56
41019,56.44
41021,72.98
41023,61.98
41025,62.18
41027,40.99
41029,61.33
41031,58.26
41033,40.24
41035,50.51
41037,30.41
41039,49.58
41041,62.88
41043,53.39
41045,70.47
41047,87.30
41049,51.26
41051,13.70
41053,49.24
41055,33.06
41057,68.82
41059,53.53
41061,71.42
41063,60.12
41065,49.78
41067,65.41
41069,53.46
41071,46.05
42001,42.52
42003,26.35
42005,35.36
42007,51.62
42009,32.73
42011,27.00
42013,22.17
42015,44.68
42017,57.43
42019,30.44
42021,42.78
42023,49.31
42025,67.43
42027,48.90
42029,28.82
42031,39.81
42033,43.59
42035,59.28
42037,52.54
42039,32.73
42041,78.79
42043,51.21
42045,41.96
42047,36.84
42049,32.18
42051,58.84
42053,61.89
42055,56.51
42057,27.26
42059,61.34
42061,37.03
42063,38.91
42065,50.24
42067,63.44
42069,47.48
42071,42.97
42073,31.45
42075,48.73
42077,56.36
42079,42.81
42081,50.46
42083,55.89
42085,38.18
42087,55.58
42089,54.95
42091,59.83
42093,24.72
42095,47.28
42097,48.71
42099,34.25
42101,53.07
42103,58.39
42105,40.77
42107,32.29
42109,50.33
42111,40.10
42113,48.53
42115,36.26
42117,44.58
42119,60.20
42121,46.81
42123,51.91
42125,37.14
42127,66.29
42129,21.17
42131,67.69
42133,59.57
44001,59.70
44003,36.21
44005,70.75
44007,39.12
44009,25.96
45001,34.43
45003,42.30
45005,44.68
45007,43.20
45009,22.62
45011,65.44
45013,54.99
45015,76.08
45017,34.76
45019,54.39
45021,36.74
45023,41.00
45025,69.06
45027,22.22
45029,54.61
45031,44.91
45033,60.23
45035,35.08
45037,16.97
45039,37.46
45041,47.57
45043,42.30
45045,34.20
45047,35.15
45049,69.41
45051,37.38
45053,25.40
45055,85.00
45057,52.39
45059,51.47
45061,54.86
45063,50.78
45065,36.24
45067,50.33
45069,44.78
45071,72.61
45073,31.74
45075,21.58
45077,49.56
45079,19.50
45081,46.58
45083,65.94
45085,44.07
45087,46.63
45089,41.97
45091,38.47
46003,46.08
46005,50.20
46007,85.71
46009,54.88
46011,45.37
46013,62.15
46015,62.62
46017,84.64
46019,95.00
46021,58.25
46023,50.05
46025,58.98
46027,59.83
46029,67.99
46031,68.47
46033,73.62
46035,49.14
46037,79.26
46039,72.91
46041,67.22
46043,60.07
46045,74.94
46047,71.87
46049,63.12
46051,54.15
46053,49.22
46055,64.44
46057,65.70
46059,60.77
46061,70.47
46063,43.06
46065,57.08
46067,31.43
46069,45.92
46071,75.21
46073,54.08
46075,73.53
46077,79.06
46079,39.40
46081,48.69
46083,80.26
46085,58.02
46087,57.23
46089,45.38
46091,40.06
46093,60.35
46095,55.05
46097,60.78
46099,73.91
46101,67.78
46103,62.23
46105,47.31
46107,77.49
46109,36.87
46111,73.67
46115,40.21
46117,50.48
46119,40.91
46121,46.12
46123,77.44
46125,46.91
46127,48.48
46129,79.47
46135,70.74
46137,65.21
47001,55.11
47003,31.16
47005,59.22
47007,45.89
47009,45.53
47011,63.99
47013,59.37
47015,51.39
47017,95.00
47019,61.81
47021,70.43
47023,46.83
47025,48.91
47027,54.66
47029,61.04
47031,46.24
47033,45.50
47035,46.55
47037,48.42
47039,56.32
47041,42.41
47043,58.60
47045,60.62
47047,75.66
47049,48.49
47051,49.07
47053,28.27
47055,42.56
47057,35.10
47059,48.46
47061,63.67
47063,30.95
47065,29.26
47067,51.15
47069,63.35
47071,56.22
47073,62.60
47075,38.05
47077,40.75
47079,50.35
47081,66.13
47083,28.45
47085,64.02
47087,26.77
47089,32.91
47091,77.11
47093,45.66
47095,61.37
47097,77.86
47099,49.63
47101,41.31
47103,70.15
47105,65.34
47107,42.39
47109,34.13
47111,73.18
47113,59.91
47115,54.83
47117,55.54
47119,36.72
47121,45.47
47123,29.65
47125,60.11
47127,54.52
47129,38.57
47131,39.92
47133,39.96
47135,54.35
47137,25.54
47139,35.55
47141,32.98
47143,39.42
47145,44.98
47147,6.76
47149,30.96
47151,60.69
47153,47.18
47155,41.34
47157,44.59
47159,28.66
47161,47.74
47163,51.82
47165,48.83
47167,21.19
47169,28.70
47171,65.10
47173,50.74
47175,48.11
47177,65.95
47179,50.50
47181,50.62
47183,73.81
47185,45.90
47187,40.90
47189,23.11
48001,77.54
48003,83.13
48005,60.00
48007,44.55
48009,72.08
48011,62.38
48013,50.38
48015,53.67
48017,63.47
48019,34.95
48021,66.70
48023,36.86
48025,76.03
48027,36.27
48029,42.84
48031,87.09
48033,53.39
48035,28.94
48037,70.70
48039,33.97
48041,29.77
48043,47.25
48045,53.75
48047,52.14
48049,49.35
48051,43.81
48053,50.17
48055,49.20
48057,75.75
48059,37.42
48061,39.19
48063,22.34
48065,68.95
48067,42.57
48069,51.62
48071,60.95
48073,42.96
48075,35.85
48077,52.04
48079,84.78
48081,64.46
48083,34.96
48085,38.41
48087,64.99
48089,78.44
48091,37.61
48093,66.36
48095,60.40
48097,44.28
48099,42.82
48101,76.50
48103,37.78
48105,59.85
48107,69.51
48109,31.02
48111,85.83
48113,49.25
48115,56.89
48117,68.65
48119,57.47
48121,48.78
48123,51.24
48125,45.98
48127,36.90
48129,40.49
48131,50.02
48133,26.40
48135,64.66
48137,51.68
48139,27.23
48141,46.36
48143,28.29
48145,48.36
48147,37.21
48149,42.19
48151,61.09
48153,61.36
48155,49.02
48157,56.16
48159,32.25
48161,40.26
48163,55.71
48165,45.53
48167,45.05
48169,51.60
48171,36.25
48173,60.89
48175,64.01
48177,58.03
48179,45.24
48181,54.24
48183,34.45
48185,36.59
48187,28.45
48189,63.34
48191,57.84
48193,44.51
48195,68.29
48197,91.63
48199,49.64
48201,27.42
48203,35.35
48205,62.69
48207,61.41
48209,48.42
48211,64.99
48213,49.82
48215,69.73
48217,39.51
48219,50.96
48221,40.18
48223,36.36
48225,60.13
48227,39.62
48229,56.25
48231,50.88
48233,54.44
48235,37.28
48237,36.19
48239,40.22
48241,47.81
48243,51.47
48245,46.88
48247,27.54
48249,35.98
48251,41.42
48253,40.82
48255,44.41
48257,16.25
48259,41.46
48261,38.19
48263,90.84
48265,46.35
48267,55.14
48269,55.93
48271,62.32
48273,54.29
48275,37.68
48277,53.39
48279,44.19
48281,44.20
48283,45.23
48285,51.97
48287,60.33
48289,37.59
48291,57.81
48293,55.86
48295,67.00
48297,54.35
48299,34.86
48301,50.44
48303,33.97
48305,49.39
48307,57.60
48309,55.11
48311,45.54
48313,57.23
48315,60.06
48317,60.26
48319,74.91
48321,42.01
48323,56.17
48325,58.45
48327,53.23
48329,64.77
48331,32.26
48333,50.92
48335,71.53
48337,55.29
48339,9.28
48341,90.82
48343,37.38
48345,52.30
48347,25.36
48349,55.99
48351,44.97
48353,52.69
48355,32.59
48357,55.00
48359,54.14
48361,52.52
48363,32.05
48365,87.46
48367,36.93
48369,54.86
48371,62.95
48373,67.53
48375,63.84
48377,79.79
48379,60.38
48381,58.34
48383,47.27
48385,69.33
48387,41.23
48389,59.89
48391,53.28
48393,20.08
48395,65.80
48397,39.68
48399,45.28
48401,21.05
48403,50.05
48405,64.77
48407,31.49
48409,13.97
48411,31.01
48413,60.23
48415,57.26
48417,52.50
48419,72.21
48421,46.23
48423,36.09
48425,53.78
48427,63.01
48429,68.26
48431,64.49
48433,54.39
48435,59.27
48437,54.34
48439,54.34
48441,55.73
48443,50.05
48445,66.23
48447,73.03
48449,43.80
48451,48.98
48453,38.39
48455,53.55
48457,59.42
48459,44.77
48461,36.42
48463,36.62
48465,56.58
48467,24.64
48469,43.08
48471,41.34
48473,19.03
48475,61.50
48477,79.57
48479,57.85
48481,43.68
48483,63.43
48485,34.13
48487,38.71
48489,42.83
48491,33.85
48493,36.80
48495,36.85
48497,51.99
48499,40.22
48501,59.06
48503,35.48
48505,44.16
48507,40.57
49001,46.12
49003,58.13
49005,62.10
49007,53.56
49009,62.59
49011,42.91
49013,55.40
49015,68.97
49017,53.69
49019,60.11
49021,56.82
49023,56.35
49025,61.34
49027,41.88
49029,29.53
49031,50.23
49033,79.86
49035,33.98
49037,73.94
49039,48.01
49041,65.80
49043,44.96
49045,62.51
49047,50.69
49049,31.70
49051,32.25
49053,66.02
49055,68.59
49057,49.04
50001,43.13
50003,17.33
50005,47.66
50007,52.88
50009,57.24
50011,60.90
50013,54.59
50015,55.30
50017,37.82
50019,50.44
50021,51.43
50023,69.29
50025,43.02
50027,59.53
51001,64.39
51003,52.45
51005,78.00
51007,60.93
51009,41.78
51011,60.62
51013,43.83
51015,64.29
51017,58.37
51019,79.87
51021,67.19
51023,48.26
51025,39.38
51027,57.26
51029,48.52
51031,37.80
51033,50.48
51035,56.11
51036,49.62
51037,45.86
51041,28.56
51043,69.17
51045,50.27
51047,76.03
51049,47.59
51051,37.36
51053,63.34
51057,67.83
51059,41.09
51061,58.63
51063,55.48
51065,61.15
51067,49.53
51069,68.00
51071,31.31
51073,64.80
51075,51.14
51077,66.29
51079,76.18
51081,39.21
51083,64.70
51085,27.21
51087,41.13
51089,54.15
51091,44.15
51093,15.36
51095,58.28
51097,56.01
51099,57.51
51101,47.37
51103,39.65
51105,74.25
51107,52.88
51109,56.65
51111,57.49
51113,19.47
51115,30.98
51117,17.63
51119,62.16
51121,27.77
51125,63.86
51127,37.71
51131,38.96
51133,66.95
51135,57.42
51137,40.05
51139,52.31
51141,59.07
51143,60.39
51145,71.86
51147,37.52
51149,44.91
51153,35.90
51155,65.54
51157,30.70
51159,39.18
51161,40.36
51163,68.83
51165,52.74
51167,42.37
51169,71.51
51171,78.62
51173,47.51
51175,55.09
51177,46.48
51179,45.95
51181,33.69
51183,61.42
51185,62.52
51187,47.61
51191,43.87
51193,61.59
51195,46.70
51197,62.38
51199,55.63
51510,48.34
51520,34.55
51530,71.00
51540,59.45
51550,63.67
51570,41.80
51580,41.32
51590,49.57
51595,48.68
51600,58.21
51610,56.26
51620,81.12
51630,37.82
51640,47.64
51650,43.23
51660,39.34
51670,49.54
51678,34.30
51680,48.89
51683,64.92
51685,52.27
51690,51.35
51700,37.41
51710,42.01
51720,58.28
51730,45.64
51735,34.25
51740,26.51
51750,33.34
51760,22.01
51770,64.01
51775,52.55
51790,58.33
51800,43.59
51810,36.63
51820,61.81
51830,57.95
51840,49.97
53001,46.74
53003,17.37
53005,44.05
53007,19.08
53009,95.00
53011,49.02
53013,57.99
53015,59.46
53017,70.04
53019,58.37
53021,52.11
53023,40.96
53025,41.60
53027,86.41
53029,67.93
53031,56.41
53033,63.05
53035,68.40
53037,39.58
53039,79.84
53041,54.50
53043,49.10
53045,40.81
53047,52.46
53049,23.39
53051,44.57
53053,50.72
53055,61.31
53057,53.00
53059,80.52
53061,38.76
53063,26.54
53065,25.11
53067,66.00
53069,53.96
53071,48.15
53073,43.28
53075,63.30
53077,41.56
54001,43.83
54003,53.15
54005,54.70
54007,50.74
54009,52.46
54011,44.03
54013,81.88
54015,62.43
54017,61.14
54019,51.59
54021,35.82
54023,63.02
54025,52.03
54027,57.32
54029,63.18
54031,53.60
54033,52.73
54035,32.69
54037,29.38
54039,41.02
54041,23.91
54043,52.18
54045,55.87
54047,32.25
54049,63.98
54051,55.05
54053,59.16
54055,14.36
54057,87.14
54059,59.19
54061,48.93
54063,54.13
54065,58.41
54067,58.65
54069,45.91
54071,45.46
54073,44.86
54075,46.57
54077,58.81
54079,40.20
54081,73.94
54083,49.24
54085,43.59
54087,12.89
54089,44.39
54091,67.86
54093,27.43
54095,33.70
54097,45.55
54099,62.95
54101,31.16
54103,54.98
54105,73.79
54107,27.75
54109,72.95
55001,26.72
55003,73.19
55005,67.18
55007,78.71
55009,52.20
55011,57.76
55013,40.59
55015,27.99
55017,65.59
55019,40.77
55021,49.43
55023,34.80
55025,37.65
55027,57.91
55029,79.44
55031,54.93
55033,53.32
55035,49.65
55037,43.39
55039,67.31
55041,56.08
55043,45.40
55045,55.45
55047,43.00
55049,40.88
55051,61.65
55053,84.80
55055,52.73
55057,46.25
55059,49.33
55061,51.14
55063,48.09
55065,25.52
55067,60.18
55069,48.19
55071,55.51
55073,56.86
55075,62.76
55077,52.38
55078,61.92
55079,47.93
55081,46.27
55083,35.83
55085,64.52
55087,8.02
55089,76.02
55091,61.65
55093,32.52
55095,63.55
55097,62.06
55099,69.02
55101,49.99
55103,50.79
55105,60.11
55107,52.79
55109,54.55
55111,43.79
55113,56.01
55115,56.20
55117,32.48
55119,49.26
55121,53.77
55123,59.97
55125,36.61
55127,37.27
55129,60.45
55131,15.58
55133,55.67
55135,39.72
55137,60.15
55139,67.67
55141,49.56
56001,65.80
56003,36.33
56005,44.99
56007,63.72
56009,64.51
56011,79.52
56013,50.93
56015,48.72
56017,84.34
56019,63.70
56021,51.54
56023,53.98
56025,53.84
56027,61.47
56029,78.60
56031,51.31
56033,35.49
56035,38.75
56037,46.64
56039,47.75
56041,76.65
56043,60.15
56045,78.27
