observation_concept_id,observation_name,mean_value,n
2051504006,AQI_CATEGORY,34.95,10000
2051504004,BROADBAND_ACCESS_PCT,75.36,10000
2051502048,EDUCATION_YEARS,14.34,10000
2051501588,EMPLOYMENT,0.79,10000
2051504000,FOOD_INSECURITY_RATE,18.02,10000
2051503305,HOUSING_COST_PCT,38.00,10000
2051502386,NEIGHBORHOOD_DISADVANTAGE,0.51,9999
2051504001,PCP_ACCESS_RATIO,12.68,10000
2051503454,POVERTY_RATE,25.62,10000
2051504002,SOCIAL_ISOLATION_INDEX,0.42,10000
2051504003,UNINSURED_RATE,14.35,10000
2051504005,VIOLENT_CRIME_RATE,12.30,10000
