stratum,error_m
all,10.59
all,43.64
all,136.72
all,70.46
all,7.40
all,4.36
all,2.97
all,23.56
all,0.03
all,7.32
all,237.97
all,0.69
all,3.63
all,0.00
all,5.58
all,9.53
all,1.34
all,842.48
all,1.18
all,88.66
all,13.63
all,4.66
all,5.50
all,2.74
all,5.02
all,0.01
all,6.95
all,1394.42
all,3.79
all,22.27
all,3.50
all,0.16
all,36.54
all,0.00
all,8.37
all,8.40
all,50.93
all,47.27
all,10.04
all,2.24
all,5.47
all,3.70
all,19.14
all,9.53
all,3.24
all,4.65
all,0.75
all,4.84
all,1.26
all,2.65
all,5.18
all,10.58
all,28.27
all,37.01
all,2.56
all,239.63
all,1549.49
all,60.88
all,57.08
all,2.90
all,29.34
all,1.06
all,13.43
all,11.39
all,2.62
all,2.20
all,2.98
all,3.37
all,3.85
all,3.47
all,19.98
all,0.48
all,3.68
all,7.94
all,9.64
all,2.46
all,69.61
all,33.00
all,16.49
all,1.99
all,4.25
all,24.91
all,1.71
all,4.12
all,4.15
all,8532.53
all,12.83
all,5.19
all,0.59
all,130.36
all,0.46
all,82.37
all,10.69
all,9.79
all,6.48
all,3.67
all,1.76
all,25.59
all,2.29
all,3.05
all,763.79
all,10.14
all,53.35
all,4.66
all,2.47
all,1.38
all,5986.94
all,15.48
all,1.69
all,40.90
all,2.00
all,995.92
all,34.13
all,54.60
all,4.12
all,2.80
all,130.50
all,11.65
all,2.74
all,3.44
all,0.01
all,986.57
all,2.77
all,14.43
all,3.95
all,1.02
all,3.10
all,193.34
all,145.86
all,2.89
all,2.57
all,36.05
all,1973.73
all,14.58
all,867.15
all,91.13
all,12.74
all,98.15
all,76.44
all,1.83
all,1.02
all,6.45
all,40.70
all,3.67
all,5.02
all,5.30
all,103.00
all,180.20
all,5.20
all,48.34
all,0.50
all,6.97
all,466.60
all,59.64
all,6.50
all,4.43
all,1.32
all,2.75
all,1.97
all,2.69
all,995.92
all,134.74
all,6.31
all,581.53
all,40.46
all,30.16
all,25.59
all,30.65
all,3.83
all,9.60
all,5.99
all,3.64
all,8.69
all,0.70
all,5.07
all,20.73
all,9.00
all,54.11
all,1404.75
all,4301.70
all,6.34
all,2.33
all,2.50
all,1.32
all,5.42
all,3.64
all,0.01
all,34.59
all,1.65
all,67.09
all,15.52
all,7.91
all,35.32
all,39.75
all,8.18
all,29.34
all,85.47
all,0.01
all,94.39
all,77.73
all,10.89
all,28.18
all,5.91
all,8.69
all,0.03
all,1.09
all,2257.52
all,2.78
all,0.98
all,38.58
all,33.93
all,0.36
all,4.72
all,1.99
all,1.00
all,3.50
all,166.84
all,0.78
all,13.96
all,4.39
all,2.32
all,40.46
all,0.64
all,1.48
all,0.92
all,6.30
all,14.10
all,3.08
all,15.23
all,11.15
all,64.17
all,263.94
all,24.63
all,563.29
all,2.22
all,0.00
all,5557.71
all,63.11
all,73.66
all,31.10
all,2.03
all,2.18
all,1.06
all,4.62
all,15.95
all,3.71
all,129.10
all,12.21
all,9.14
all,8.02
all,3.03
all,2.97
all,33.40
all,35.09
all,87.71
all,4.36
all,6.32
all,159.77
all,1954.40
all,4.63
all,1.25
all,9.53
all,1314.31
all,3.03
all,36.72
all,7.54
all,3.18
all,3.26
all,48.97
all,70.96
all,4.15
all,54.78
all,9.48
all,12.41
all,31.28
all,14.09
all,7.97
all,1.04
all,1624.48
all,29.12
all,2.95
all,1.27
all,72.40
all,37.18
all,3.30
all,2.48
all,1.92
all,1.80
all,15.35
all,5.49
all,4.60
all,7.56
all,1.73
all,2.35
all,2.59
all,6.91
all,75.83
all,279.63
all,5.02
all,8.53
all,1.46
all,1028.15
all,12.18
all,2.48
all,1.91
all,50.93
all,5.19
all,2.77
all,5.21
all,6.89
all,23.65
all,21.30
all,0.01
all,2.66
all,4.28
all,1.68
all,4.27
all,1.18
all,10.39
all,5.48
all,46.12
all,2.97
all,0.96
all,80.01
all,292.82
all,0.54
all,17.58
all,3.38
all,19.69
all,40.03
all,19.48
all,2.97
all,92.57
all,9.63
all,8.23
all,9.15
all,21.48
all,13.49
all,2.24
all,2.81
all,1.51
all,1.30
all,283.34
all,2.03
all,8.26
all,4.98
all,3.48
all,5.05
all,2.94
all,9.64
all,50.93
all,3.70
all,86.54
all,4.14
all,2.14
all,1.57
all,1.46
all,25.02
all,2.67
all,1.67
all,3.85
all,3.15
all,4.47
all,83.79
all,2.83
all,11.34
all,3.61
all,2.60
all,10.71
all,1.02
all,1.27
all,1.54
all,21.46
all,758.04
all,53.58
all,2.20
all,1019.24
all,160.34
all,32.18
all,352.20
all,20.38
all,7.75
all,2.14
all,2.36
all,2.06
all,1404.75
all,68.66
all,2.18
all,242.67
all,7.25
all,6.50
all,3.54
all,0.36
all,85.48
all,0.95
all,107.45
all,3.67
all,3.04
all,1.49
all,5.87
all,50.93
all,8.41
all,2.08
all,0.67
all,2.20
all,16.96
all,7.91
all,7.94
all,8.86
all,4.39
all,2.11
all,36.39
all,67.85
all,71.60
all,2.81
all,3.97
all,86.64
all,1.69
all,36.97
all,4.40
all,3.77
all,3.39
all,4.53
all,0.01
all,1.74
all,1.96
all,0.01
all,0.01
all,52.19
all,2.65
all,5.06
all,2.36
all,7.70
all,33.37
all,26.77
all,5.80
all,137.14
all,46.12
all,6.51
all,3.86
all,3.40
all,29.52
all,1.24
all,2.73
all,242.76
all,37.94
all,37.96
all,6.66
all,103.96
all,1.26
all,3.78
all,2.79
all,6.77
all,307.56
all,31.87
all,65.20
all,6.01
all,16.79
all,2903.79
all,3.17
all,1.23
all,6.44
all,25.31
all,27.90
all,5.73
all,10.77
all,5.87
all,3.19
all,10.68
all,109.31
all,3.49
all,92.57
all,0.47
all,0.79
all,2.39
all,9.93
all,28.48
all,4.12
all,52.50
all,1.83
all,8.52
all,5.62
all,9.23
all,3.92
all,8.03
all,0.97
all,117.47
all,4.81
all,2.07
all,79.51
all,2.92
all,12.31
all,3.73
all,5.70
all,1.16
all,5.68
all,1.29
all,1.97
all,59.81
all,1.26
all,5.69
all,1.54
all,2.02
all,19.49
all,25.74
all,5.89
all,50.51
all,2.38
all,16.57
all,1.99
all,3.79
all,3.44
all,3.05
all,6.56
all,0.79
all,3.46
all,6.71
all,20.31
all,8.89
all,2.11
all,7.80
all,1.08
all,4.99
all,79.88
all,320.05
all,2.79
all,1.42
all,3.03
all,14.34
all,22.41
all,36.07
all,0.01
all,98.90
all,1.43
all,3.16
all,0.01
all,4.73
all,1.63
all,1.20
all,4.24
all,104.66
all,3.69
all,9.08
all,1.27
all,47.83
all,6.03
all,3.38
all,13.18
all,9.40
all,13.22
all,5.09
all,2.75
all,0.33
all,6.48
all,267.98
all,2.93
all,0.35
all,42.05
all,0.03
all,31.04
all,2.64
all,68.22
all,1.11
all,0.01
all,3.38
all,29.77
all,9.56
all,1.68
all,4.13
all,4.00
all,2.43
all,10.33
all,3.82
all,70.68
all,646.69
all,13.45
all,5.45
all,177.27
all,0.03
all,2.70
all,30.24
all,5.26
all,3.09
all,57.64
all,12.12
all,1.26
all,3.07
all,3.38
all,3.75
all,46.21
all,2.12
all,5.72
all,5.67
all,63.58
all,49.31
all,0.02
all,13.08
all,3.14
all,177.27
all,8.17
all,46.12
all,0.92
all,4.11
all,30.65
all,4.58
all,3.65
all,4.48
all,72.83
all,33.66
all,41.12
all,31.28
all,2.15
all,1.42
all,2.25
all,4.28
all,23.67
all,1.72
all,54.60
all,47.37
all,1.40
all,2.20
all,12.51
all,3.36
all,93.30
all,70.77
all,2.88
all,41.59
all,1.66
all,282.83
all,3.67
all,3.56
all,31.71
all,3.17
all,4.14
all,6.12
all,11.15
all,0.02
all,0.02
all,71.07
all,8.16
all,1.53
all,5.51
all,2.28
all,39.57
all,29.58
all,2.37
all,1.74
all,1.20
all,2.75
all,9.80
all,33.36
all,3.64
all,18.34
all,73.22
all,109.77
all,5.19
all,257.14
all,4.20
all,100.25
all,171.73
all,3.93
all,4.58
all,5.65
all,24.19
all,3.72
all,5.88
all,13.77
all,11.72
all,0.67
all,1.84
all,1.01
all,5.92
all,3.31
all,2.57
all,0.99
all,5.56
all,1687.00
all,36.99
all,3.56
all,0.01
all,119.31
all,5.15
all,5.50
all,1343.75
all,129.71
all,4.43
all,9.54
all,2.64
all,8.33
all,75.38
all,2.42
all,3.37
all,84.32
all,5.46
all,1.72
all,779.06
all,0.82
all,21.30
all,111.63
all,37.05
all,882.71
all,4.93
all,2.70
all,10.00
all,2.18
all,8.48
all,1.99
all,23.69
all,240.99
all,3.33
all,4.48
all,2.31
all,257.14
all,22.93
all,40.54
all,21.30
all,0.83
all,26.39
all,189.52
all,5.27
all,6.69
all,123.11
all,8.33
all,5.45
all,7.54
all,54.95
all,18.55
all,4.87
all,87.01
all,78.95
all,0.67
all,2.94
all,1.72
all,7936.38
all,1.26
all,1.74
all,15.74
all,66.58
all,1.31
all,123.96
all,36.51
all,6.05
all,148.00
all,0.90
all,0.01
all,32.89
all,7.00
all,42.96
all,18.71
all,31.51
all,108.85
all,20.59
all,1.10
all,16.77
all,5.90
all,79.51
all,0.01
all,72.72
all,10.05
all,6.05
all,273.63
all,10.69
all,0.74
all,35.14
all,41.80
all,1.54
all,2.02
all,99.54
all,0.01
all,3.32
all,10.96
all,4.94
all,3.28
all,28.18
all,1.85
all,2.03
all,75.78
all,0.01
all,3.87
all,7.98
all,2.74
all,1.40
all,0.01
all,4.12
all,2.51
all,3.03
all,6.99
all,81.01
all,7.27
all,1822.60
all,6.41
all,35.24
all,12.61
all,4.72
all,2252.80
all,11.39
all,31.32
all,7.64
all,24.36
all,2.27
all,3.32
all,5.53
all,5.14
all,68.23
all,1.75
all,6.15
all,0.32
all,4.71
all,6.06
all,54.34
all,3.53
all,1.90
all,5.66
all,13.44
all,31.72
all,2.36
all,11.14
all,10.84
all,71.79
all,10.69
all,6.65
all,0.00
all,5.49
all,4.66
all,1.88
all,2.50
all,2.78
all,3.62
all,0.28
all,83.45
all,4.55
all,6.71
all,39.18
all,52.65
all,34.24
all,3.60
all,3.46
all,5.59
all,2.57
all,6.97
all,3.60
all,82.26
all,0.39
all,4.07
all,1.88
all,2.14
all,2.30
all,9.08
all,0.98
all,0.00
all,6.08
all,4.97
all,1.76
all,9.15
all,3.12
all,3.94
all,23.93
all,2.59
all,4.88
all,4.18
all,18.38
all,107.25
all,2.41
all,42.02
all,23.55
all,12.91
all,18.91
all,4.09
all,4.55
all,82.51
all,4.15
all,4.42
all,38.88
all,2.58
all,0.01
all,9.68
all,0.67
all,1.01
all,2.51
all,3.07
all,1.11
all,2.07
all,4.63
all,16.87
all,22.39
all,33.36
all,0.01
all,7.46
all,0.78
all,0.32
all,39.18
all,40.85
all,6.25
all,1.31
all,2.99
all,2.84
all,7.64
all,25.92
all,0.62
all,1.24
all,0.48
all,2.33
all,3.04
all,20.78
all,2.87
all,1.87
all,88.22
all,3.65
all,1.30
all,21.67
all,21.95
all,0.38
all,3.91
all,20.07
all,2.59
all,5.83
all,70.20
all,666.85
all,2.24
all,132.62
all,19.67
all,9.81
all,841.32
all,35.09
all,85.01
all,2.81
all,6.77
all,138.29
all,14.65
all,1.75
all,1.86
all,4.81
all,3.43
all,52.50
all,9.73
all,0.60
all,0.90
all,4.62
all,117.57
all,5.73
all,0.01
all,0.65
all,22.27
all,46.05
all,522.98
all,1.20
all,258.99
all,2.51
all,6.89
all,20.61
all,127.97
all,4.11
all,4.19
all,50.51
all,2.30
all,183.86
all,6.64
all,56.43
all,7.92
all,18.71
all,2.04
all,2.06
all,0.31
all,3.44
all,1.85
all,6.96
all,229.73
all,4.02
all,1168.24
all,64.32
all,8.51
all,4.90
all,0.95
all,34.32
all,1.69
all,67.09
all,12.13
all,232.80
all,2.48
all,1.87
all,48.04
all,4.70
all,3.22
all,1.96
all,4.84
all,1416.41
all,1.09
all,1.48
all,1.79
all,7.56
all,4.80
all,5.24
all,20.41
all,6.62
all,164.14
all,2.81
all,74.09
all,31.95
all,2.48
all,6.33
all,13.22
all,51.15
all,1.65
all,1.89
all,87.60
all,274.52
all,9.65
all,6.30
all,6.85
all,2.21
all,7.29
all,205.94
all,54.94
all,2.38
all,0.01
all,2.65
all,56.99
all,47.61
all,0.83
all,0.01
all,1.29
all,0.91
all,0.62
all,17.85
all,3.28
all,6.02
all,12.33
all,3.07
all,0.01
all,2.71
all,3.90
all,13.04
all,0.72
all,4.44
all,18.83
all,4.47
all,14.34
all,2.42
all,22.41
all,2.30
all,2.26
all,7.75
all,0.01
all,29.12
all,24.09
all,0.31
all,161.48
all,10.86
all,4.80
all,4.23
all,6.97
all,4.18
all,108.72
all,4.79
all,59.68
all,5.66
all,19.47
all,1.27
all,12.73
all,2.66
all,10.22
all,12.69
all,45.20
all,2.53
all,2.96
all,375.29
all,1510.00
all,1.87
all,33.55
all,7.80
all,54.32
all,1.51
all,62.98
all,3.97
all,8.83
all,9.66
all,34.51
all,1.23
all,6.90
all,26.27
all,8.49
all,1.39
all,2113.68
all,0.70
all,0.01
all,2.16
all,3.59
all,221.00
all,125.90
all,4.40
all,474.60
all,3.89
all,41.42
all,7.98
all,15.04
all,1.17
all,3.68
all,2.41
all,1.88
all,2.11
all,20.82
all,1.43
all,3.61
all,93.44
all,0.03
all,29.47
all,3.10
all,1.43
all,93.13
all,12.89
all,8.67
all,2.67
all,7.18
all,40.23
all,864.72
all,2.95
all,0.01
all,67.06
all,9.07
all,1.74
all,6.54
all,2.88
all,2.02
all,19.59
all,3.34
all,6.50
all,4.24
all,3.52
all,0.54
all,8.24
all,37.05
all,2.16
all,0.44
all,3.85
all,0.01
all,38.11
all,4.99
all,3.36
all,2.97
all,1.59
all,2.89
all,15.39
all,3.18
all,80.30
all,8.60
all,11.03
all,1.93
all,5.59
all,3.18
all,53.70
all,0.00
all,20.41
all,5.61
all,0.09
all,2.85
all,2.33
all,128.32
all,33.91
all,2.02
all,2.61
all,0.61
all,7.97
all,2.62
all,2.54
all,3.29
all,4.46
all,3.82
all,1.42
all,2.18
all,3.08
all,5.40
all,2.32
all,2.08
all,2.15
all,1.44
all,1.48
all,10.69
all,6.06
all,13.44
all,37.39
all,7.29
all,1.26
all,78.60
all,6.79
all,5.57
all,42.56
all,11.51
all,5.02
all,3.86
all,2.77
all,34.80
all,0.63
all,0.01
all,47.87
all,1.31
all,5.94
all,210.03
all,3.82
all,150.91
all,8.25
all,7.57
all,51.10
all,32.27
all,20.39
all,31.08
all,5.68
all,3.11
all,2.17
all,1.79
all,4.52
all,15.25
all,4.53
all,42.07
all,0.36
all,4.00
all,55.90
all,1.92
all,0.38
all,10.03
all,6.07
all,85.53
all,50.93
all,9.19
all,10.83
all,9.34
all,31.95
all,2.24
all,4.66
all,7.88
all,1.74
all,1.97
all,2.65
all,1.93
all,0.79
all,7.78
all,11.75
all,6.29
all,90.04
all,2.39
all,8.26
all,2.73
all,2.45
all,1.41
all,13.28
all,6.96
all,3.35
all,3.14
all,17.86
all,0.01
all,23.60
all,0.01
all,1812.33
all,5.28
all,294.25
all,0.85
all,0.59
all,2.73
all,2.01
all,4.50
all,273.63
all,0.00
all,0.00
all,35.19
all,72.20
all,0.63
all,8.62
all,7.10
all,82.34
all,3.22
all,2.82
all,4.05
all,29.71
all,3.52
all,59.81
all,5.46
all,2.83
all,2.57
all,46.43
all,1124.68
all,1.22
all,4.44
all,140.46
all,8.06
all,2.37
all,21.50
all,543.50
all,1.94
all,1.05
all,694.37
all,3.55
all,23.24
all,10.69
all,4.75
all,3.58
all,81.86
all,3.47
all,4.41
all,2145.86
all,0.60
all,116.95
all,4.07
all,40.70
all,16.83
all,21.46
all,0.19
all,150.87
all,38.31
all,1.58
all,2.13
all,0.01
all,1.51
all,1.53
all,7.23
all,28.57
all,1.30
all,3.62
all,92.16
all,2.44
all,0.01
all,19.98
all,2130.83
all,90.62
all,15.76
all,30.93
all,11.92
all,0.11
all,2.32
all,981.01
all,3.46
all,1.64
all,30.56
all,3.12
all,20.71
all,1.11
all,0.33
all,2.16
all,81.06
all,2.13
all,0.98
all,2.04
all,0.01
all,12.01
all,64.00
all,10.45
all,8.84
all,101.33
all,1.97
all,38.61
all,4.88
all,108.36
all,1.53
all,27.02
all,92.66
all,6.49
all,3.36
all,1.87
all,1.92
all,2.13
all,5.62
all,0.61
all,121.80
all,3.71
all,0.78
all,3.17
all,1903.08
all,0.01
all,2.36
all,5.05
all,5.83
all,1.72
all,8.06
all,3.23
all,3.46
all,1.53
all,141.61
all,18.99
all,19.33
all,1.34
all,10.71
all,3.66
all,1.84
all,2.33
all,2207.41
all,3.71
all,4.12
all,5.72
all,6.05
all,12.32
all,5.85
all,2.92
all,40.45
all,0.71
all,1.71
all,2.46
all,0.01
all,119.54
all,2.56
all,2.23
all,3.78
all,63.60
all,5.10
all,3.99
all,2.36
all,2.26
all,17.62
all,4.79
all,2.97
all,2.18
all,0.01
all,68.01
all,1.10
all,0.79
all,1877.47
all,21.75
all,7.99
all,4.15
all,14.45
all,0.93
all,3.31
all,146.71
all,4.82
all,0.80
all,24.19
all,8.63
all,4.67
all,2.21
all,26.95
all,2.55
all,171.01
all,6.77
all,0.52
all,92.48
all,52.50
all,4.54
all,3.19
all,2.32
all,0.81
all,4.35
all,45.71
all,1.63
all,7.72
all,16.73
all,36.53
all,8.46
all,33.88
all,11.72
all,2.56
all,0.17
all,21.96
all,11.86
all,3.27
all,12.17
all,2.31
all,11.15
all,4.79
all,5.29
all,6.29
all,0.75
all,37.37
all,5.24
all,54.13
all,0.71
all,3.30
all,8.72
all,12.47
all,22.91
all,2.61
all,1.64
all,10.34
all,3.26
all,0.01
all,18.92
all,5.48
all,2.85
all,41.20
all,19.14
all,1.54
all,0.53
all,6.69
all,60.58
all,16.79
all,7282.45
all,3.32
all,64.02
all,35.05
all,6.52
all,87.75
all,38.60
all,155.14
all,23.77
all,2.07
all,8.42
all,28.97
all,3.68
all,82.82
all,0.25
all,2.62
all,4.79
all,0.63
all,2.66
all,2.50
all,16.08
all,1.51
all,5.35
all,6.62
all,2.22
all,1.68
all,1135.27
all,0.01
all,3.58
all,8.95
all,8.32
all,6.44
all,21.63
all,2.15
all,37.41
all,28.18
all,6.07
all,10.47
all,1.70
all,5.40
all,82.86
all,1.19
all,53.51
all,6.05
all,13.62
all,31.32
all,34.53
all,372.08
all,33.76
all,166.57
all,1.23
all,1.25
all,4.02
all,14.67
all,10.75
all,6.62
all,2.45
all,6.46
all,0.53
all,0.47
all,1.95
all,9.64
all,2.87
all,8.68
all,101.53
all,1.33
all,5.77
all,1.56
all,2.45
all,7.75
all,49.70
all,2.95
all,2.52
all,1.54
all,1.10
all,148.94
all,2.10
all,3.23
all,10.44
all,1.19
all,5.26
all,18.09
all,1.95
all,7.75
all,1.89
all,17.88
all,40.70
all,44.46
all,4.85
all,2.40
all,1.96
all,0.01
all,3.82
all,22.03
all,2.53
all,46.92
all,40.86
all,83.70
all,4.35
all,2.11
all,4.74
all,5.47
all,4.09
all,102.67
all,42.84
all,2.99
all,4.65
all,1.76
all,9.59
all,6.09
all,14.07
all,0.77
all,3.57
all,1.40
all,1.81
all,3.14
all,36.26
all,4.42
all,3.21
all,8.82
all,9.33
all,8.63
all,57.37
all,19.47
all,1.53
all,4.31
all,4.62
all,1.01
all,0.01
all,4.42
all,1.80
all,1.57
all,11.20
all,0.40
all,15.72
all,15.55
all,162.45
all,0.01
all,6.27
all,109.10
all,15.27
all,23.94
all,0.95
all,2.42
all,1.89
all,0.05
all,5.17
all,2293.81
all,2.68
all,52.13
all,1.46
all,4.38
all,3.10
all,47.47
all,2.66
all,37.07
all,81.64
all,7.33
all,1.82
all,3.47
all,50.93
all,4.83
all,6.38
all,5.19
all,0.00
all,11.02
all,2.73
all,62.13
all,3.67
all,1.44
all,57.39
all,2.88
all,32.18
all,2.06
all,1.41
all,6.05
all,1.84
all,2.36
all,1.57
all,4.72
all,8.32
all,1.96
all,198.84
all,237.14
all,5.50
all,18.06
all,2.54
all,3.14
all,90.97
all,238.26
all,5.82
all,10.12
all,3.01
all,42.05
all,0.56
all,3.67
all,154.49
all,18.06
all,0.01
all,2.34
all,42.06
all,1.78
all,2.73
all,2.85
all,4.95
all,1.14
all,13.09
all,4.89
all,1.18
all,4.84
all,1.98
all,1983.74
all,8.41
all,1.77
all,2.37
all,6.24
all,35.22
all,52.41
all,6.00
all,6.70
all,4.80
all,2.82
all,32.71
all,4.47
all,0.91
all,32.69
all,2.37
all,21.30
all,2.86
all,1.85
all,44.95
all,25.76
all,42.05
all,51.08
all,6.56
all,0.68
all,4.90
all,4.99
all,2.72
all,76.13
all,4.04
all,2.55
all,71.41
all,43.39
all,109.31
all,1.77
all,19.98
all,1475.32
all,15.93
all,0.14
all,5.92
all,0.02
all,1.65
all,87.47
all,69.26
all,0.53
all,16.34
all,34.13
all,1.42
all,677.50
all,4.71
all,9.86
all,13.09
all,0.95
all,3.64
all,47.51
all,2.57
all,0.75
all,7.51
all,44.48
all,6.35
all,3.82
all,13.41
all,3.46
all,72.06
all,24.65
all,43.22
all,67.09
all,31.75
all,3.51
all,21.62
all,3.14
all,6.79
all,115.58
all,5.28
all,2.01
all,5.45
all,3.37
all,1.14
all,5.54
all,9.07
all,11.73
all,28.82
all,0.01
all,1.83
all,12.52
all,4.06
all,57.08
all,29.35
all,841.32
all,5.27
all,6.31
all,2.13
all,3.20
all,1.63
all,72.33
all,3.38
all,4.80
all,118.21
all,32.20
all,6.42
all,0.01
all,30.56
all,12.10
all,18.06
all,1706.75
all,7.63
all,100.44
all,5.64
all,8.66
all,22.41
all,3.31
all,127.23
all,21.36
all,1.11
all,0.14
all,4.72
all,1.33
all,9.99
all,6.46
all,0.01
all,19.28
all,2.23
all,3.56
all,47.56
all,42.51
all,1.42
all,2.77
all,10.37
all,58.99
all,6.65
all,1.05
all,32.20
all,5.07
all,2.35
all,18.71
all,1904.98
all,3.37
all,38.88
all,13.30
all,53.68
all,6.97
all,70.78
all,31.92
all,6.42
all,8.14
all,148.10
all,3.53
all,5.95
all,2.83
all,1.72
all,14.20
all,4.70
all,8.69
all,1.44
all,6.05
all,143.74
all,7.75
all,53.92
all,36.50
all,8.56
all,44.14
all,2.74
all,4.08
all,137.03
all,0.02
all,1.90
all,4.04
all,3.60
all,21.94
all,70.96
all,1.03
all,1.79
all,5.59
all,5.53
all,2.68
all,4.28
all,24.26
all,13.98
all,0.01
all,3.91
all,36.05
all,113.86
all,9.86
all,18.98
all,0.55
all,0.25
all,3.19
all,68.73
all,9.67
all,3.14
all,8.70
all,0.88
all,7.50
all,1.34
all,15.98
all,0.01
all,5.70
all,3.99
all,3.56
all,2.36
all,191.76
all,1997.32
all,1.34
all,0.73
all,1.59
all,6.79
all,50.73
all,21.95
all,7.19
all,6.96
all,36.87
all,1.01
all,3.39
all,3.19
all,58.48
all,3.51
all,5.81
all,54.17
all,91.57
all,5.02
all,54.37
all,0.79
all,0.10
all,0.50
all,126.76
all,7727.67
all,21.46
all,80.47
all,4.36
all,3.92
all,2.28
all,1.92
all,2.88
all,3.43
all,2.81
all,3.76
all,7.28
all,7.56
all,6.11
all,34.17
all,3.81
all,2.14
all,0.79
all,28.78
all,4.00
all,4.13
all,9.47
all,100.97
all,0.01
all,8.39
all,7.53
all,13.58
all,46.21
all,2.05
all,81.70
all,12.67
all,5.88
all,1.13
all,75.29
all,2.51
all,6.56
all,0.49
all,57.98
all,24.93
all,53.16
all,32.86
all,52.76
all,69.64
all,2.21
all,1.54
all,18.31
all,14.97
all,5.61
all,10.98
all,174.11
all,2.48
all,1.93
all,1.76
all,64.31
all,21.62
all,5.38
all,48.55
all,2.43
all,1.46
all,81.66
all,1124.16
all,0.01
all,6.65
all,351.30
all,2.72
all,11.73
all,5.45
all,2.65
all,103.93
all,3.97
all,8.61
all,2.34
all,10.34
all,5.04
all,7.63
all,2.05
all,1.90
all,30.92
all,157.54
all,109.19
all,6.69
all,7.84
all,106.93
all,3.90
all,12.07
all,6.20
all,7.08
all,0.00
all,3.03
all,48.37
all,2.45
all,1.98
all,71.18
all,2.27
all,2.84
all,555.91
all,2.31
all,0.86
all,2.58
all,3.49
all,9.68
all,4.49
all,368.57
all,3.44
all,78.52
all,2.29
all,2.98
all,2.83
all,2.08
all,1.51
all,9.73
all,423.36
all,148.79
all,10.54
all,4.84
all,2.88
all,7.00
all,9.22
all,2.29
all,5.82
all,3.55
all,1.96
all,7.14
all,56.43
all,62.06
all,5.81
all,101.88
all,90.22
all,5.88
all,3.11
all,1.82
all,14.67
all,2.99
all,32.87
all,4.43
all,19.41
all,83.91
all,96.33
all,80.84
all,2.37
all,4.56
all,4.09
all,2.91
all,1.07
all,0.48
all,888.72
all,30.04
all,35.53
all,6.83
all,50.93
all,3.59
all,2.30
all,3.67
all,9.06
all,2.32
all,12.65
all,539.04
all,9.22
all,108.57
all,57.32
all,128.73
all,27.08
all,5.93
all,2.83
all,60.81
all,14.11
all,1.84
all,2.53
all,35.30
all,0.77
all,3.79
all,5.18
all,1.86
all,6.80
all,6.26
all,1.71
all,11.72
all,190.34
all,0.78
all,68.76
all,3.01
all,76.44
all,3242.03
all,0.01
all,0.94
all,3.81
all,7.27
all,4.54
all,9.58
all,2.66
all,3.21
all,11.03
all,0.76
all,6.39
all,5.55
all,1.21
all,6.73
all,0.86
all,3.11
all,32.20
all,1.09
all,4.56
all,43.87
all,0.01
all,3.47
all,6.69
all,6.80
all,0.70
all,2.45
all,72.45
all,3.97
all,1.54
all,134.20
all,15.30
all,3.00
all,7.10
all,15.91
all,100.97
all,0.82
all,79.50
all,4.45
all,1.05
all,1.48
all,10.53
all,12.34
all,64.25
all,3.35
all,114.34
all,4.61
all,164.40
all,26.36
all,7.15
all,5.28
all,3.76
all,15.07
all,4.48
all,5.07
all,273.63
all,2.12
all,146.87
all,8.49
all,2.06
all,42.95
all,128.11
all,24.77
all,12.43
all,39.80
all,4.42
all,621.28
all,86.07
all,27.21
all,9.53
all,17.99
all,5.87
all,6.08
all,25.76
all,132.57
all,14.86
all,159.77
all,42.37
all,5.03
all,71.07
all,6.93
all,55.82
all,7.49
all,3.05
all,0.02
all,3.18
all,1.20
all,3.72
all,2.01
all,8.35
all,8.87
all,1.70
all,8.06
all,7.59
all,1624.48
all,35.69
all,3.19
all,9.51
all,16.34
all,5.39
all,41.06
all,0.01
all,555.91
all,3.35
all,100.97
all,3.66
all,9.24
all,39.24
all,29.35
all,2.79
all,3.92
all,2.77
all,2.35
all,138.29
all,2.06
all,1.67
all,2.38
all,100.94
all,2.78
all,122.15
all,2.74
all,4.93
all,0.01
all,47.60
all,2.36
all,1887.89
all,8.30
all,12.91
all,1.53
all,1.48
all,0.82
all,40.42
all,10.58
all,0.93
all,3.79
all,1.83
all,7.33
all,34.06
all,49.90
all,10.09
all,2.42
all,28.80
all,104.19
all,3.03
all,1.52
all,0.83
all,2.29
all,0.47
all,1.67
all,78.81
all,9.53
all,85.24
all,1.88
all,124.54
all,1.37
all,0.23
all,3.88
all,102.73
all,14.68
all,0.86
all,20.88
all,125.52
all,3.74
all,9.28
all,8.62
all,12.75
all,87.03
all,2.00
all,3.94
all,5.11
all,2.71
all,5.69
all,0.68
all,36.53
all,1476.60
all,1765.02
all,0.83
all,31.95
all,51.41
all,18.99
all,2.43
all,16.60
all,42.73
all,31.51
all,0.73
all,4.33
all,2.51
all,76.01
all,2.15
all,5.45
all,31.34
all,160.50
all,6.35
all,49.74
all,21.51
all,16.88
all,12.72
all,1.74
all,3.46
all,4.16
all,2.25
all,5.69
all,36.60
all,7.75
all,0.74
all,15.55
all,3.63
all,8.33
all,0.01
all,3.67
all,18.88
all,0.82
all,21.40
all,40.20
all,1.93
all,3.33
all,0.01
all,0.02
all,165.01
all,5.60
all,0.39
all,36.80
all,2.29
all,62.13
all,2.12
all,1.71
all,2.75
all,4.20
all,4.61
all,3.32
all,4.94
all,3.72
all,5.86
all,1.94
all,36.26
all,9.87
all,2.07
all,12.75
all,15.07
all,2.08
all,88.00
all,3.48
all,1.91
all,63.96
all,4.92
all,28.32
all,6.07
all,18.83
all,88.62
all,3.04
all,61.11
all,5.56
all,43.52
all,0.91
all,3.63
all,2.90
all,0.96
all,0.75
all,0.60
all,1.85
all,31.37
all,4.09
all,5.09
all,5.75
all,32.27
all,8.30
all,14.82
all,3.66
all,9.71
all,2.12
all,0.66
all,15.00
all,30.64
all,70.77
all,1.59
all,4.00
all,41.17
all,3.66
all,5.92
all,2.78
all,13.13
all,88.00
all,6.36
all,2.48
all,4.53
all,2.55
all,25.01
all,5.10
all,4.89
all,2.78
all,2.63
all,45.35
all,34.42
all,4.97
all,2642.63
all,13.45
all,1.28
all,85.78
all,8.33
all,2.37
all,2.23
all,3.58
all,3.50
all,12.54
all,3.21
all,2.67
all,2.63
all,1.47
all,22.61
all,1.04
all,2095.60
all,10.32
all,2.79
all,6.76
all,26.24
all,1.08
all,18.00
all,41.74
all,3.04
all,41.42
all,72.20
all,6.37
all,0.02
all,24.42
all,101.88
all,4.55
all,4.17
all,44.59
all,2.25
all,6.87
all,1.38
all,59.77
all,42.56
all,5.16
all,20.61
all,10.74
all,1.72
all,3.86
all,0.75
all,0.64
all,12742.24
all,3.06
all,0.43
all,31.69
all,4.77
all,6.50
all,0.31
all,9.39
all,4.75
all,3.82
all,30.73
all,2.02
all,5.63
all,1.63
all,6.16
all,36.34
all,31.30
all,8.93
all,185.46
all,1.68
all,2.92
all,25.60
all,8.32
all,4.79
all,5.22
all,0.53
all,40.69
all,2.98
all,21.66
all,0.01
all,2.59
all,1182.76
all,1.87
all,1.37
all,16.83
all,0.01
all,71.54
all,4.27
all,2.13
all,2.30
all,42.60
all,4.23
all,1.75
all,47.35
all,6.42
all,7.58
all,0.01
all,229.73
all,1.34
all,49.15
all,10.03
all,3.46
all,6.23
all,1.96
all,20.39
all,31.38
all,25.24
all,35.57
all,3.74
all,0.62
all,2.53
all,44.25
all,0.91
all,28.03
all,2.10
all,4.60
all,15.00
all,0.01
all,33.36
all,3.79
all,1.67
all,2.96
all,0.40
all,37.87
all,3.61
all,0.60
all,24.22
all,5.53
all,5.99
all,3.57
all,14.28
all,151.10
all,2.86
all,2.23
all,9.35
all,0.46
all,20.39
all,0.02
all,1.30
all,1.27
all,169.82
all,0.00
all,4.24
all,118.13
all,76.21
all,4.15
all,0.02
all,77.62
all,7.83
all,2.30
all,0.01
all,2.65
all,2.42
all,0.02
all,5.06
all,1.91
all,4.39
all,43.98
all,4.19
all,1.46
all,13.40
all,8.29
all,273.63
all,5.63
all,49.35
all,4.09
all,1.06
all,72.45
all,2.82
all,2.07
all,38.12
all,24.85
all,0.00
all,3.40
all,5.88
all,3.04
all,0.58
all,7.33
all,0.95
all,3.36
all,2.66
all,40.69
all,3.70
all,4.48
all,4.88
all,108.57
all,6.07
all,2.58
all,1.77
all,6.18
all,0.01
all,2.60
all,94.68
all,995.92
all,8.84
all,0.78
all,0.83
all,3.35
all,1658.46
all,1711.34
all,2.59
all,3.84
all,3.52
all,1.59
all,39.82
all,12.23
all,44.25
all,83.79
all,1064.18
all,1.92
all,3.43
all,511.83
all,2.21
all,1.26
all,13.63
all,7.22
all,32.20
all,49.85
all,36.05
all,0.00
all,230.60
all,10.75
all,1.30
all,35.24
all,29.62
all,0.48
all,648.66
all,5.78
all,0.56
all,2.11
all,77.11
all,1.44
all,5.91
all,1.13
all,1.16
all,1128.17
all,297.75
all,2.03
all,3.83
all,81.48
all,7.65
all,43.44
all,8.33
all,37.37
all,14.94
all,1.52
all,95.44
all,51.64
all,2.49
all,1.64
all,1.52
all,31.92
all,43.85
all,8.05
all,5.29
all,4.62
all,31.90
all,1.80
all,1.49
all,36.30
all,4.17
all,14.34
all,8.20
all,3.86
all,0.42
all,2.10
all,2.24
all,32.89
all,4.29
all,3.66
all,83.01
all,63.96
all,16.79
all,83.08
all,10.06
all,6.07
all,793.51
all,83.74
all,4.42
all,30.07
all,7.31
all,29.94
all,7.62
all,18.41
all,3.74
all,1.66
all,43.85
all,4.75
all,31.21
all,0.23
all,40.75
all,75.75
all,0.02
all,5.84
all,9.83
all,2734.43
all,4.05
all,607.80
all,11.13
all,15.92
all,4.74
all,118.21
all,57.42
all,2.15
all,5.35
all,1.01
all,3.35
all,312.61
all,5.82
all,5.27
all,4.62
all,231.74
all,30.92
all,1.89
all,1.68
all,3.57
all,101.88
all,49.36
all,5.49
all,17.76
all,5.79
all,3.88
all,33.98
all,1.22
all,48.55
all,1364.28
all,138.47
all,1.55
all,5.33
all,6.54
all,90.37
all,4716.18
all,5.01
all,5.95
all,16.46
all,29.54
all,8.77
all,6.16
all,487.01
all,0.00
all,13.10
all,131.84
all,2.20
all,2.85
all,41.59
all,4.70
all,936.38
all,17.68
all,9.99
all,115.40
all,4.13
all,4.09
all,1.68
all,0.01
all,2.18
all,1.05
all,48.28
all,3.40
all,44.34
all,1.71
all,105.60
all,2.40
all,410.91
all,6.39
all,154.49
all,4.20
all,0.51
all,0.56
all,42.30
all,7.18
all,2.24
all,1.71
all,28.67
all,6.85
all,11.06
all,3.20
all,2.70
all,1.87
all,5.09
all,7.08
all,33.54
all,4.20
all,0.82
all,12.52
all,0.79
all,1.16
all,26.41
all,2.02
all,19.37
all,45.68
all,7.55
all,3.61
all,2.73
all,7.14
all,1562.23
all,6.91
all,49.34
all,24.32
all,10.16
all,6.70
all,4.78
all,45.21
all,71.26
all,6.98
all,4.49
all,6.66
all,1.99
all,6.94
all,10.17
all,1611.43
all,1.38
all,103.09
all,4.40
all,9.65
all,911.26
all,3.30
all,4.68
all,0.61
all,11.71
all,527.85
all,8.87
all,31.51
all,26.77
all,4.23
all,5.29
all,6.83
all,1.99
all,3.20
all,6.11
all,11.33
all,5.75
all,10.08
all,4.43
all,33.08
all,42.05
all,8.82
all,19.49
all,5.05
all,88.85
all,8.39
all,3.89
all,36.57
all,24.19
all,86.95
all,295.65
all,14.14
all,192.71
all,0.99
all,2.39
all,45.70
all,13.18
all,5.86
all,34.83
all,6.99
all,2.13
all,8.86
all,1.97
all,3.61
all,2.87
all,92.48
all,100.01
all,7.55
all,9.26
all,8.93
all,0.00
all,10.01
all,3.11
all,3.16
all,2.08
all,3.82
all,0.83
all,3.93
all,0.65
all,0.00
all,22.84
all,68.70
all,1624.48
all,3.84
all,0.01
all,27.12
all,4.10
all,4.01
all,67.83
all,1.21
all,33.36
all,26.00
all,6.77
all,1.05
all,78.88
all,329.83
all,11.22
all,48.43
all,81.48
all,77.72
all,6.11
all,78.73
all,2.32
all,6.38
all,3.22
all,282.83
all,2.26
all,7.00
all,1.07
all,4.64
all,52.41
all,14.60
all,5.81
all,18.04
all,3.44
all,17.85
all,3.34
all,4.75
all,2.91
all,1.67
all,3.32
all,5.46
all,4.52
all,2.03
all,0.01
all,13.24
all,24.10
all,4.48
all,10.09
all,20.52
all,96.50
all,147.44
all,5.13
all,2.05
all,46.12
all,0.60
all,3.83
all,24.12
all,3.21
all,42.30
all,1.59
all,5.18
all,11.63
all,1.71
all,5.82
all,1078.10
all,5.91
all,6.54
all,3.91
all,2.26
all,0.01
all,10.40
all,2.25
all,14.58
all,0.45
all,2.54
all,1.07
all,224.00
all,5.62
all,1.90
all,12.75
all,1.54
all,115.99
all,0.91
all,177.27
all,2.21
all,35.46
all,42.73
all,3.69
all,50.48
all,10.06
all,24.12
all,5.24
all,5.08
all,13.88
all,28.18
all,36.57
all,0.90
all,5.11
all,4.06
all,6.57
all,7.66
all,4.98
all,33.11
all,4.26
all,39.60
all,1.93
all,1.23
all,3.36
all,7.67
all,3.79
all,0.85
all,45.35
all,2.18
all,54.60
all,2.74
all,2.29
all,6.25
all,5.12
all,2.76
all,14.34
all,0.01
all,14.42
all,7.99
all,7.06
all,0.01
all,16.45
all,1.42
all,1.36
all,25.76
all,1.86
all,4.73
all,2270.98
all,12.24
all,52.67
all,1596.38
all,123.67
all,189.52
all,6.42
all,2.67
all,5.02
all,11.18
all,3.47
all,41.82
all,4.80
all,2.42
all,76.02
all,0.01
all,4.15
all,3.05
all,3.58
all,6.61
all,123.96
all,93.08
all,1.02
all,18.06
all,38.91
all,2.07
all,1822.60
all,1.99
all,5.24
all,0.61
all,9.79
all,42.73
all,4238.24
all,7.22
all,1.97
all,1.22
all,51.25
all,2.26
all,4.70
all,54.60
all,3.47
all,145.92
all,2.50
all,2.31
all,5.15
all,2.91
all,0.01
all,2.63
all,2.47
all,5.68
all,114.34
all,4.48
all,2.10
all,2.48
all,4.90
all,66.83
all,2.91
all,0.00
all,420.98
all,186.35
all,97.87
all,32.96
all,1.03
all,1.81
all,1.99
all,6.09
all,112.56
all,0.29
all,6.79
all,4.45
all,8.52
all,5.56
all,1422.65
all,767.87
all,118.42
all,1614.96
all,5.83
all,1.80
all,2.22
all,0.85
all,0.21
all,7.24
all,5.53
all,4.97
all,0.94
all,12.49
all,12.00
all,6.62
all,12.72
all,5.37
all,14.72
all,4.70
all,5.27
all,1.00
all,87.80
all,2.73
all,7.33
all,3.99
all,4.71
all,29.52
all,5.12
all,2.51
all,1.34
all,5.46
all,5.01
all,11.09
all,49.28
all,3.44
all,0.18
all,6.50
all,0.01
all,44.15
all,86.80
all,1.31
all,543.50
all,1.19
all,36.50
all,0.01
all,185.46
all,17.27
all,2.01
all,0.39
all,1.94
all,2.78
all,4.22
all,174.11
all,52.04
all,204.38
all,23.77
all,0.82
all,1.79
all,6.62
all,2.67
all,2.56
all,1.64
all,4.83
all,0.89
all,2.06
all,96.06
all,1769.91
all,0.94
all,171.26
all,0.58
all,0.87
all,3.86
all,2.92
all,2.02
all,16.12
all,67.96
all,2.05
all,37.27
all,1.05
all,6.90
all,29.94
all,2.33
all,17.03
all,5.00
all,71.03
all,1.47
all,1.41
all,111.54
all,2.50
all,29.02
all,7.05
all,2.67
all,1.65
all,2.08
all,5.78
all,11.43
all,118.09
all,2.76
all,3.81
all,2.84
all,24.39
all,0.68
all,56.43
all,1.86
all,3.16
all,82.86
all,32.93
all,3.99
all,4.17
all,2.02
all,23.69
all,5.44
all,10.62
all,2.08
all,5.39
all,5.43
all,263.94
all,0.90
all,5.45
all,3.52
all,1.71
all,0.95
all,22.58
all,4.78
all,8.63
all,2.14
all,0.88
all,42.90
all,4.67
all,471.05
all,34.53
all,55.48
all,4.38
all,6.73
all,24.67
all,5.23
all,1.76
all,2.08
all,0.73
all,12.16
all,55.86
all,7.81
all,5.50
all,16.46
all,2.85
all,5.21
all,1.94
all,0.55
all,1.14
all,5.82
all,48.82
all,36.26
all,4.34
all,10.36
all,2.53
all,9.07
all,0.85
all,14.50
all,6.66
all,0.37
all,8.98
all,1.79
all,10.19
all,4.12
all,6.22
all,356.54
all,43.68
all,3.43
all,3.35
all,4.93
all,2.37
all,22.65
all,41.20
all,3.35
all,36.99
all,4.08
all,42.18
all,9.81
all,1.94
all,6.86
all,0.01
all,222.37
all,1.17
all,3.85
all,48.07
all,131.15
all,5.33
all,2.36
all,4.90
all,63.11
all,4.11
all,8.84
all,0.90
all,6.72
all,0.40
all,2.50
all,0.83
all,3.37
all,3.11
all,4.84
all,8.78
all,0.92
all,40.46
all,13.28
all,168.55
all,3.64
all,4.57
all,39.18
all,156.57
all,2.46
all,2.60
all,5.76
all,11.47
all,45.38
all,76.56
all,5.71
all,2.08
all,4.01
all,21.26
all,6.34
all,18.39
all,3.79
all,91.34
all,3.55
all,7.56
all,1948.61
all,1103.75
all,1.84
all,3.88
all,17.05
all,11.15
all,1.45
all,1.99
all,5.90
all,12.15
all,0.97
all,2.52
all,3.01
all,2.17
all,4.87
all,3.11
all,4.93
all,4.91
all,6.96
all,0.26
all,3.65
all,36.26
all,1.86
all,5.86
all,37.87
all,1.55
all,2.53
all,265.54
all,456.65
all,13.23
all,2.72
all,3.51
all,70.62
all,19.13
all,1.77
all,39.26
all,9.26
all,59.29
all,4.45
all,8.31
all,4.36
all,23.34
all,1.42
all,12.34
all,1.27
all,1.67
all,3.20
all,2.59
all,71.27
all,36.89
all,0.01
all,2.82
all,3.36
all,70.96
all,0.95
all,0.00
all,2.99
all,3.89
all,20.39
all,23.34
all,1.34
all,3.45
all,65.92
all,66.30
all,6.71
all,23.12
all,0.81
all,23.70
all,3.30
all,1.85
all,19.01
all,7.75
all,1.36
all,39.12
all,4.88
all,6.95
all,48.70
all,3.90
all,0.69
all,31.30
all,124.84
all,5.56
all,37.77
all,6.46
all,58.47
all,62.98
all,168.10
all,2.97
all,6.42
all,39.62
all,6.45
all,2.63
all,0.91
all,5.24
all,3.39
all,3.09
all,4.13
all,1.84
all,3.10
all,27.22
all,3.23
all,2.03
all,1333.83
all,40.45
all,7.29
all,27.56
all,0.94
all,1.95
all,13.91
all,118.09
all,5.82
all,3.56
all,273.63
all,4.04
all,112.36
all,0.48
all,53.13
all,9.34
all,12.85
all,1.28
all,1.35
all,7.31
all,648.66
all,12.79
all,136.43
all,0.01
all,3.13
all,26.57
all,8.83
all,1124.16
all,607.80
all,85.14
all,517.76
all,35.36
all,0.66
all,5718.14
all,3.18
all,52.52
all,10.16
all,1.83
all,1.91
all,3.55
all,18.94
all,11.41
all,4.47
all,35.38
all,1.34
all,7.34
all,3.67
all,5.48
all,5.03
all,3.41
all,44.20
all,78.88
all,169.14
all,1.62
all,3.53
all,2.47
all,46.05
all,3.37
all,1.70
all,1594.11
all,3.92
all,30.65
all,0.99
all,16.62
all,3.85
all,1620.86
all,474.41
all,25.21
all,4.72
all,224.00
all,0.01
all,10.00
all,17.39
all,1.56
all,3.68
all,30.56
all,2592.52
all,3.89
all,2.59
all,0.69
all,1.20
all,9.17
all,2.81
all,4.41
all,943.48
all,3.33
all,65.69
all,5.02
all,90.03
all,24.49
all,6.35
all,41.07
all,1.38
all,2.13
all,1.98
all,1.30
all,13.63
all,9.94
all,84.61
all,1782.37
all,1.54
all,2.75
all,7.55
all,6.06
all,5.85
all,0.95
all,5.75
all,10.73
all,86.03
all,1.29
all,15.51
all,101.88
all,4.65
all,6.23
all,1.63
all,29.52
all,4.40
all,7.70
all,17.96
all,74.70
all,2.62
all,1.60
all,3.26
all,1.43
all,4.73
all,5.07
all,12.75
all,40.70
all,7.32
all,135.19
all,2.77
all,6.40
all,0.86
all,1.00
all,4.40
all,4.64
all,6.28
all,1.80
all,0.92
all,2.98
all,2.98
all,1.24
all,0.77
all,50.51
all,4.82
all,1394.42
all,4.74
all,3.16
all,360.05
all,4.81
all,34.40
all,15.82
all,2.11
all,2.48
all,1.92
all,4.63
all,5.89
all,15.82
all,3.92
all,10.72
all,2.97
all,3.83
all,22.30
all,3.00
all,29.68
all,79.03
all,4.46
all,33.98
all,0.01
all,1.88
all,8.59
all,9.58
all,2.22
all,12.21
all,101.56
all,27.44
all,7.76
all,16.83
all,41.82
all,4.07
all,5.58
all,6.14
all,0.42
all,65.69
all,41.80
all,23.61
all,12.91
all,3.10
all,14.42
all,10.53
all,3.16
all,2.94
all,6.01
all,4.25
all,2.61
all,153.00
all,105.99
all,0.86
all,2.66
all,6.26
all,144.06
all,3.63
all,17.02
all,8.39
all,6.10
all,0.52
all,2.17
all,4.47
all,115.68
all,58.00
all,7.21
all,35.14
all,10.83
all,69.99
all,6.22
all,1.90
all,1.15
all,2.19
all,0.91
all,79.01
all,10.49
all,15.76
all,4.10
all,3.95
all,4.35
all,222.14
all,3.06
all,56.14
all,88.51
all,4.75
all,12.01
all,8.74
all,2.83
all,5.73
all,1.76
all,76.44
all,137.27
all,4.96
all,2.87
all,2.61
all,16.49
all,0.57
all,13.46
all,2.29
all,8.09
all,27.37
all,2.35
all,6.95
all,8.03
all,3.21
all,5.30
all,2.85
all,7.94
all,1.76
all,69.15
all,20.03
all,181.71
all,5.01
all,2.39
all,5.18
all,62.77
all,4.48
all,0.33
all,9.10
all,55.16
all,1.16
all,5.27
all,2.50
all,0.02
all,40.86
all,7.56
all,1.04
all,2.54
all,2.72
all,1.51
all,4.98
all,2.01
all,0.99
all,2.48
all,1.74
all,2.37
all,1.29
all,32.14
all,47.92
all,0.01
all,2049.64
all,1531.92
all,131.80
all,0.01
all,85.92
all,2.65
all,149.44
all,56.11
all,4.79
all,11.14
all,14.40
all,3.35
all,16.25
all,1.17
all,1.32
all,1.04
all,294.35
all,53.68
all,2.47
all,3.86
all,10.59
all,34.43
all,2.36
all,3.47
all,0.00
all,1198.49
all,3.12
all,37.80
all,9.64
all,1.19
all,11.15
all,0.02
all,3.53
all,26.81
all,5.55
all,2.24
all,943.48
all,0.71
all,55.96
all,8.88
all,0.63
all,2.73
all,0.60
all,77.41
all,3.70
all,7.09
all,1.77
all,37.37
all,3.07
all,180.20
all,111.73
all,1038.64
all,75.87
all,3.11
all,44.25
all,827.67
all,0.14
all,2.88
all,1.64
all,94.12
all,16.12
all,1.70
all,2.70
all,4.64
all,4.33
all,125.88
all,8.71
all,7.04
all,0.79
all,1.31
all,3.22
all,2.99
all,2.51
all,5.21
all,6.36
all,8.07
all,11.19
all,0.92
all,1.59
all,3.53
all,63.87
all,47.16
all,1475.26
all,92.88
all,14.58
all,2659.66
all,2.38
all,2.69
all,2.50
all,11.35
all,3.89
all,42.73
all,46.05
all,3.17
all,100.35
all,2.44
all,4.46
all,1.76
all,55.90
all,27.21
all,3.51
all,2.23
all,6.37
all,5.56
all,5.62
all,10.01
all,21.96
all,0.48
all,15.02
all,2.23
all,0.00
all,0.73
all,47.34
all,182.75
all,51.73
all,1.74
all,4.10
all,1.54
all,2.65
all,3.54
all,5.90
all,83.98
all,4.79
all,11.72
all,1.85
all,2.56
all,1.52
all,273.63
all,19.69
all,19.41
all,2477.10
all,8.08
all,0.56
all,1.73
all,3.36
all,3.65
all,21.62
all,0.02
all,4.75
all,1.54
all,35.32
all,3.62
all,2.01
all,5.28
all,0.81
all,12.61
all,33.91
all,0.01
all,23.85
all,4.60
all,79.14
all,23.89
all,4.19
all,67.67
all,2.70
all,3.16
all,6.31
all,10.94
all,37.18
all,0.01
all,2.30
all,100.97
all,196.73
all,67.24
all,6.68
all,3.90
all,10.41
all,2.41
all,2.69
all,38.13
all,74.40
all,0.54
all,2.49
all,3.56
all,2.56
all,9.58
all,2.83
all,4.69
all,2.20
all,41.14
all,9.38
all,2.06
all,6.81
all,4.38
all,12.58
all,1.87
all,33.98
all,33.70
all,61.12
all,6.25
all,4.78
all,4.96
all,6.61
all,5.26
all,8.94
all,2.55
all,28.67
all,4.81
all,2.77
all,105.82
all,1.86
all,1.72
all,2.93
all,259.35
all,82.26
all,2.96
all,2.79
all,3.20
all,1.95
all,54.60
all,70.29
all,3.25
all,27.40
all,5.26
all,1.41
all,3.20
all,23.58
all,5.02
all,5.67
all,572.51
all,27.90
all,4.47
all,0.50
all,1822.60
all,2.42
all,42.46
all,13.73
all,1.70
all,5.69
all,3.39
all,166.38
all,4.42
all,6.06
all,2.12
all,5.50
all,0.99
all,3.85
all,32.81
all,19.47
all,0.49
all,2.11
all,7.18
all,17.71
all,3162.25
all,1.07
all,4.05
all,4.05
all,1.40
all,2.39
all,6.95
all,1.92
all,13.56
all,4.15
all,21.30
all,2.32
all,3.29
all,2.65
all,3.22
all,1.06
all,3.04
all,1.08
all,45.38
all,1.64
all,2.65
all,4.37
all,120.80
all,0.46
all,6.39
all,1.16
all,0.01
all,2.43
all,6.88
all,6.50
all,87.57
all,1.56
all,2.54
all,52.36
all,39.57
all,1.75
all,2.32
all,5.85
all,46.66
all,1.37
all,1.19
all,72.52
all,2.15
all,11.23
all,2.25
all,2.59
all,2.62
all,29.68
all,65.26
all,1.38
all,2.24
all,15.51
all,13.91
all,1.02
all,5.45
all,13.58
all,3.78
all,2.45
all,42.73
all,3.18
all,12.17
all,1.66
all,50.93
all,3.32
all,0.00
all,77.37
all,2.08
all,26.72
all,41.62
all,10.24
all,10.37
all,23.60
all,3.27
all,1.45
all,9.35
all,230.60
all,5.66
all,1.17
all,0.02
all,6.33
all,4.76
all,4.60
all,1.85
all,0.70
all,0.01
all,1.77
all,1.57
all,80.98
all,139.79
all,1.04
all,4.64
all,8.24
all,1367.58
all,161.98
all,4.41
all,8.51
all,1.24
all,7.39
all,2.90
all,29.47
all,4.49
all,48.76
all,70.96
all,35.15
all,11.85
all,2322.55
all,15.74
all,2.82
all,250.84
all,1632.65
all,4.13
all,55.48
all,5.97
all,1.65
all,2.72
all,42.37
all,0.02
all,21.30
all,2.68
all,2.67
all,0.88
all,0.33
all,2.35
all,28.17
all,2.58
all,3.50
all,4.53
all,9.04
all,3.34
all,23.34
all,0.00
all,3.92
all,20.42
all,2.29
all,104.63
all,7.51
all,1.62
all,5.56
all,1.74
all,4.24
all,5.23
all,0.53
all,54.40
all,4.79
all,40.06
all,2.70
all,14.41
all,144.15
all,40.03
all,54.37
all,4.19
all,55.48
all,23.70
all,3.47
all,734.57
all,5.30
all,123.94
all,1.73
all,28.18
all,5.12
all,2.11
all,28.02
all,10.19
all,21.34
all,19.11
all,0.01
all,5.36
all,6.01
all,0.51
all,1.69
all,5.56
all,1.94
all,5.41
all,6.63
all,79.73
all,15.99
all,198.18
all,258.99
all,1.33
all,0.61
all,7.58
all,10.18
all,1.76
all,24.76
all,121.13
all,26.93
all,300.32
all,3.16
all,1624.48
all,13.31
all,62.11
all,229.73
all,177.27
all,18.99
all,7.30
all,7.03
all,6.74
all,8.47
all,3.89
all,29.52
all,7.90
all,0.52
all,97.17
all,1.53
all,7.72
all,3.02
all,5.92
all,177.27
all,2.26
all,3.39
all,12.17
all,36.23
all,1.38
all,3.90
all,3.00
all,0.99
all,104.58
all,2.35
all,10.03
all,10.06
all,1.68
all,5.33
all,110.62
all,1.37
all,11.62
all,1.53
all,84.93
all,38.63
all,5.39
all,41.86
all,22.27
all,70.96
all,0.01
all,1.55
all,6.71
all,5.46
all,2.43
all,0.30
all,694.37
all,2.64
all,1.03
all,3.86
all,14.10
all,7.03
all,2.66
all,141.62
all,1.96
all,2.39
all,2.16
all,0.98
all,37.71
all,62.66
all,39.40
all,5.83
all,4.96
all,1.72
all,8.01
all,24.77
all,42.78
all,4.75
all,1854.10
all,11.13
all,10.12
all,21.04
all,5.52
all,100.97
all,1769.91
all,0.87
all,39.12
all,47.40
all,24.10
all,4.41
all,105.99
all,2.96
all,1.94
all,1.01
all,16.75
all,9.57
all,4.54
all,102.61
all,123.39
all,12.74
all,60.36
all,1.27
all,2.27
all,3.27
all,49.98
all,4.37
all,15.27
all,3.14
all,4.52
all,5.87
all,35.27
all,128.11
all,2.62
all,4.26
all,2.09
all,78.98
all,5.79
all,2.11
all,3.46
all,2.50
all,116.07
all,3.23
all,9.11
all,0.52
all,6.52
all,15.95
all,0.14
all,30.10
all,148.01
all,4.91
all,5.72
all,1.17
all,9.61
all,5.23
all,12.75
all,1.06
all,44.48
all,78.56
all,1.49
all,1.86
all,1.98
all,8.78
all,9.79
all,7.92
all,8.50
all,1.07
all,1.40
all,7.24
all,0.01
all,4.53
all,4.08
all,72.72
all,5.19
all,99.42
all,26.59
all,137.11
all,27.03
all,1.04
all,2.96
all,2.80
all,20.77
all,4.26
all,11.63
all,4.87
all,8.69
all,3.13
all,51.15
all,5.49
all,36.51
all,22.28
all,1.94
all,20.03
all,6.80
all,0.52
all,565.29
all,46.12
all,3.15
all,31.51
all,2.52
all,1.92
all,5.62
all,1.89
all,20.73
all,6.74
all,44.69
all,1.88
all,33.22
all,0.89
all,13.69
all,1.29
all,14.33
all,4.18
all,14551.83
all,4.80
all,0.01
all,38.56
all,77.72
all,3.65
all,6.72
all,5.93
all,161.94
all,123.93
all,1.15
all,3.52
all,17.02
all,17.89
all,56.89
all,16.88
all,0.59
all,7.61
all,1.65
all,63.96
all,52.10
all,300.32
all,2.45
all,4.26
all,5.15
all,0.00
all,130.50
all,194.42
all,5.19
all,1.11
all,5.50
all,23.34
all,12.04
all,62.16
all,14.86
all,11.72
all,4.15
all,8.12
all,81.87
all,80.14
all,2266.75
all,0.01
all,71.61
all,4.24
all,88.19
all,3.88
all,71.00
all,1.60
all,4.95
all,3.05
all,4.82
all,34.56
all,20.76
all,2.64
all,3.04
all,0.01
all,1.89
all,2.83
all,39.82
all,10585.32
all,2.10
all,0.01
all,3.14
all,3.88
all,844.27
all,5.98
all,51.89
all,23.13
all,64.02
all,17.35
all,39.60
all,1.55
all,15.72
all,84.74
all,46.56
all,3.08
all,17402.86
all,5.92
all,29.35
all,65.26
all,3.47
all,60.85
all,9.95
all,5.39
all,7.57
all,28.17
all,9.04
all,38.41
all,51.00
all,1.65
all,335.42
all,3.97
all,33.98
all,4.79
all,1.86
all,3.87
all,2.05
all,9.33
all,11.38
all,150.09
all,3.09
all,7.89
all,76.17
all,5.63
all,1.75
all,3.13
all,4.06
all,3.53
all,15.75
all,2.45
all,3.35
all,1.13
all,5.05
all,14.04
all,6.86
all,29.91
all,4.44
all,0.50
all,2.45
all,3.33
all,2.57
all,2.91
all,4.79
all,0.02
all,2.02
all,0.51
all,3.97
all,433.83
all,1.97
all,66.53
all,2.65
all,70.96
all,6.29
all,48.28
all,0.21
all,3.19
all,104.52
all,0.97
all,4.88
all,2.37
all,10.71
all,7.58
all,40.03
all,43.85
all,1394.42
all,2.39
all,4.92
all,9.07
all,5.83
all,2.43
all,93.90
all,2.28
all,7.87
all,3.22
all,3.92
all,1.19
all,61.94
all,6.41
all,8.91
all,6.50
all,3.79
all,3.40
all,1.55
all,2.50
all,179.42
all,2.21
all,147.40
all,38.31
all,7.23
all,6.96
all,51.23
all,8.21
all,0.21
all,2.64
all,5.13
all,4.01
all,5.87
all,8.00
all,0.01
all,1.87
all,15.74
all,2.82
all,5.71
all,6.04
all,3.13
all,0.49
all,9.11
all,20.03
all,14.45
all,5.60
all,3.29
all,4.59
all,0.01
all,55.90
all,5.88
all,1.56
all,3.82
all,250.84
all,46.43
all,5.02
all,2.72
all,68.93
all,0.01
all,3.69
all,4.43
all,1901.20
all,5.82
all,1.35
all,3.15
all,1.49
all,1.02
all,3.36
all,2.60
all,2.95
all,0.54
all,4.33
all,3.27
all,2.79
all,3.79
all,10.00
all,5.94
all,9.45
all,1.41
all,47.14
all,76.80
all,4.94
all,2.17
all,11.41
all,3.66
all,6.16
all,1.84
all,4.14
all,11.89
all,3.93
all,6.36
all,1.04
all,0.46
all,515.24
all,72.72
all,5.61
all,2.96
all,29.35
all,80.84
all,0.14
all,4.41
all,41.95
all,2.24
all,1.91
all,2.96
all,3.35
all,14.42
all,2.19
all,23.70
all,47.96
all,2.08
all,3.36
all,4.33
all,5.50
all,4.27
all,4.14
all,2.20
all,2.78
all,5.65
all,9.33
all,3.73
all,4.54
all,1.13
all,8.51
all,2.95
all,1.82
all,8.46
all,1.17
all,948.57
all,1.60
all,307.56
all,4.85
all,307.56
all,94.60
all,11.20
all,96.68
all,0.30
all,5.60
all,398.96
all,5.33
all,7.82
all,3.54
all,0.01
all,4.53
all,0.89
all,5.96
all,2.53
all,926.96
all,4.37
all,4.00
all,4.67
all,0.51
all,33.55
all,75.51
all,4.61
all,88.28
all,3923.76
all,1.08
all,1.14
all,48.17
all,117.35
all,5.12
all,3.48
all,117.89
all,27.03
all,3656.10
all,10761.95
all,300.32
all,362.93
all,6.40
all,17.51
all,2.84
all,37.06
all,5.12
all,1.50
all,1.95
all,16.79
all,0.77
all,18.77
all,549.85
all,109.31
all,7.13
all,11.92
all,3.94
all,6.25
all,2.80
all,3.29
all,21.00
all,0.01
all,6.00
all,4.05
all,27.03
all,141.64
all,3.09
all,59.24
all,0.00
all,0.01
all,4.70
all,4.34
all,3.98
all,1.61
all,48.55
all,2.63
all,4.32
all,29.34
all,7.55
all,83.07
all,103.42
all,2.41
all,4.48
all,149.87
all,2.24
all,4.43
all,257.14
all,4.78
all,13.08
all,148.01
all,14.14
all,4.72
all,0.65
all,73.22
all,20.39
all,77.56
all,0.01
all,0.01
all,2.19
all,89.70
all,22.66
all,1.84
all,52.17
all,1.73
all,2.00
all,6.65
all,63.21
all,46.31
all,1.54
all,4.92
all,20.71
all,4.59
all,3.20
all,57.39
all,3.94
all,8.70
all,1.43
all,7.74
all,36.24
all,60.43
all,2.28
all,8.44
all,189.11
all,5.65
all,18.01
all,51.15
all,1.52
all,55.82
all,49.90
all,3.75
all,1.65
all,2.57
all,91.52
all,0.37
all,1.93
all,8.18
all,5.14
all,3695.05
all,0.53
all,2.55
all,6.63
all,5.57
all,82.00
all,0.01
all,1.17
all,6.27
all,2.35
all,3.68
all,21.46
all,2.45
all,0.60
all,23.13
all,1.95
all,5.03
all,28.61
all,0.97
all,11.56
all,1.72
all,62.99
all,12.52
all,4.78
all,1.74
all,3.29
all,0.02
all,1.67
all,1.10
all,4.10
all,2.90
all,0.72
all,1.46
all,156.57
all,1.59
all,5.15
all,2.31
all,0.95
all,3.88
all,11.17
all,94.68
all,1.33
all,101.71
all,18.59
all,9.68
all,0.01
all,2.15
all,2.85
all,604.28
all,49.16
all,40.86
all,1.88
all,3.42
all,0.98
all,32.89
all,5.45
all,5.83
all,12.40
all,5.48
all,8.70
all,147.74
all,0.34
all,24.03
all,0.32
all,32.88
all,85.89
all,2.15
all,2.59
all,6.60
all,7.70
all,3.91
all,8.54
all,4.70
all,27.40
all,2.03
all,45.04
all,0.71
all,237.87
all,23.13
all,0.43
all,1.94
all,79.51
all,43.87
all,19.38
all,1.42
all,0.37
all,13.99
all,1.42
all,18.76
all,0.45
all,40.85
all,1.67
all,8.64
all,5.83
all,55.87
all,10.54
all,2.39
all,0.00
all,3.01
all,0.01
all,6.99
all,1.07
all,21.30
all,20.42
all,0.36
all,0.01
all,4.10
all,53.17
all,11.17
all,15.27
all,6.54
all,41.31
all,2.71
all,2.07
all,6.77
all,3.93
all,11.85
all,2.47
all,23.70
all,4.61
all,6.49
all,0.47
all,4.63
all,31.51
all,4.18
all,22.40
all,17.05
all,10.22
all,4.58
all,4.66
all,1.26
all,107.98
all,467.65
all,19.30
all,0.01
all,995.92
all,29.35
all,0.93
all,8.78
all,2.08
all,2.41
all,2176.77
all,3.53
all,70.96
all,197.34
all,54.60
all,4.31
all,5.54
all,2.27
all,4.96
all,5.22
all,3.08
all,3457.69
all,6.69
all,10.96
all,40.46
all,6.81
all,20.75
all,15.27
all,12.57
all,3.31
all,3.45
all,6.80
all,15.93
all,50.89
all,3.86
all,0.01
all,82.62
all,0.01
all,219.82
all,4.35
all,123.34
all,28.03
all,18.53
all,20.77
all,32.50
all,2.26
all,8.62
all,3.30
all,2.51
all,4.86
all,2.92
all,2.62
all,40.04
all,4.02
all,5.65
all,778.66
all,0.66
all,1.55
all,5.73
all,50.30
all,25.36
all,39.76
all,1.40
all,32.90
all,0.35
all,1157.92
all,1394.42
all,9.22
all,2.17
all,3.59
all,0.69
all,0.49
all,4.73
all,0.34
all,177.27
all,6.97
all,5.45
all,1.24
all,46.99
all,2.51
all,1.01
all,7.15
