ancestor_concept_id,descendant_concept_id,min_levels_of_separation,max_levels_of_separation
8507,8507,0,0
8532,8532,0,0
8554,8554,0,0
8582,8582,0,0
8698,8698,0,0
8784,8784,0,0
8840,8840,0,0
8842,8842,0,0
8845,8845,0,0
8848,8848,0,0
8876,8876,0,0
9448,9448,0,0
9531,9531,0,0
32533,32533,0,0
32817,32817,0,0
201826,201826,0,0
255573,255573,0,0
255841,255841,0,0
255848,255848,0,0
257007,257007,0,0
317009,317009,0,0
317576,317576,0,0
319835,319835,0,0
320128,320128,0,0
381316,381316,0,0
432867,432867,0,0
433736,433736,0,0
720870,720870,0,0
756265,756265,0,0
956874,956874,0,0
1106776,1106776,0,0
1112807,1112807,0,0
1147314,756265,1,4
1147314,1147314,0,0
1149196,1149196,0,0
1149380,1149380,0,0
1154161,1154161,0,0
1154343,1154343,0,0
1163944,1163944,0,0
1308216,1308216,0,0
1310149,1310149,0,0
1322184,1322184,0,0
1346823,1346823,0,0
1503297,1503297,0,0
1545958,1545958,0,0
1619025,1619025,0,0
1734104,1734104,0,0
3000905,3000905,0,0
3004249,3004249,0,0
3004410,3004410,0,0
3011960,3011960,0,0
3012888,3012888,0,0
3016258,3016258,0,0
3016723,3016723,0,0
3019800,3019800,0,0
3022192,3022192,0,0
3027172,3027172,0,0
3028437,3028437,0,0
3028615,3028615,0,0
3038553,3038553,0,0
4087260,4087260,0,0
4120120,4120120,0,0
4132161,4132161,0,0
4133840,4133840,0,0
4142645,4142645,0,0
4163872,4163872,0,0
4163951,4163951,0,0
4230911,4230911,0,0
4296597,4296597,0,0
4299535,4299535,0,0
4329847,4329847,0,0
40486069,40486069,0,0
40762499,40762499,0,0
46271022,46271022,0,0
