concept_id,concept_name,domain_id,vocabulary_id,concept_class_id,standard_concept,concept_code,valid_start_date,valid_end_date,invalid_reason
8507,MALE,Gender,Gender,Gender,S,M,1970-01-01,2099-12-31,
8532,FEMALE,Gender,Gender,Gender,S,F,1970-01-01,2099-12-31,
8554,percent,Unit,UCUM,Unit,S,%,1970-01-01,2099-12-31,
8582,centimeter,Unit,UCUM,Unit,S,cm,1970-01-01,2099-12-31,
8698,liter per minute,Unit,UCUM,Unit,S,L/min,1970-01-01,2099-12-31,
8784,cells per microliter,Unit,UCUM,Unit,S,{cells}/uL,1970-01-01,2099-12-31,
8840,milligram per deciliter,Unit,UCUM,Unit,S,mg/dL,1970-01-01,2099-12-31,
8842,nanogram per milliliter,Unit,UCUM,Unit,S,ng/mL,1970-01-01,2099-12-31,
8845,picogram per milliliter,Unit,UCUM,Unit,S,pg/mL,1970-01-01,2099-12-31,
8848,thousand per microliter,Unit,UCUM,Unit,S,10*3/uL,1970-01-01,2099-12-31,
8876,millimeter mercury column,Unit,UCUM,Unit,S,mm[Hg],1970-01-01,2099-12-31,
9448,year,Unit,UCUM,Unit,S,a,1970-01-01,2099-12-31,
9531,kilogram per square meter,Unit,UCUM,Unit,S,kg/m2,1970-01-01,2099-12-31,
32533,Disease Episode,Episode,Episode,Episode of Care,S,OMOP4822254,1970-01-01,2099-12-31,
32817,EHR,Type Concept,Type Concept,Type Concept,S,OMOP4976890,2020-08-20,2099-12-31,
201826,Type 2 diabetes mellitus,Condition,SNOMED,Disorder,S,44054006,2002-01-31,2099-12-31,
255573,Chronic obstructive pulmonary disease,Condition,SNOMED,Disorder,S,13645005,2002-01-31,2099-12-31,
255841,Chronic bronchitis,Condition,SNOMED,Disorder,S,63480004,2002-01-31,2099-12-31,
255848,Pneumonia,Condition,SNOMED,Disorder,S,233604007,2002-01-31,2099-12-31,
257007,Allergic rhinitis,Condition,SNOMED,Disorder,S,61582004,2002-01-31,2099-12-31,
317009,Asthma,Condition,SNOMED,Disorder,S,195967001,2002-01-31,2099-12-31,
317576,Coronary arteriosclerosis,Condition,SNOMED,Disorder,S,53741008,2002-01-31,2099-12-31,
319835,Congestive heart failure,Condition,SNOMED,Disorder,S,42343007,2002-01-31,2099-12-31,
320128,Essential hypertension,Condition,SNOMED,Disorder,S,59621000,2002-01-31,2099-12-31,
381316,Cerebrovascular accident,Condition,SNOMED,Disorder,S,230690007,2002-01-31,2099-12-31,
432867,Hyperlipidemia,Condition,SNOMED,Disorder,S,55822004,2002-01-31,2099-12-31,
433736,Obesity,Condition,SNOMED,Disorder,S,414916001,2005-01-31,2099-12-31,
720870,milliliter per minute per 1.73 square meter,Unit,UCUM,Unit,S,mL/min/(173.10*-2.m2),2022-04-07,2099-12-31,
756265,OMOP CDM Version 5.4.0,Metadata,CDM,CDM,S,CDM v5.4.0,2021-09-25,2099-12-31,
956874,furosemide,Drug,RxNorm,Ingredient,S,4603,1970-01-01,2099-12-31,
1106776,tiotropium,Drug,RxNorm,Ingredient,S,69120,1970-01-01,2099-12-31,
1112807,aspirin,Drug,RxNorm,Ingredient,S,1191,1970-01-01,2099-12-31,
1147314,person,Metadata,CDM,Table,S,CDM370,2014-11-11,2099-12-31,
1149196,cetirizine,Drug,RxNorm,Ingredient,S,20610,1970-01-01,2099-12-31,
1149380,fluticasone,Drug,RxNorm,Ingredient,S,41126,1970-01-01,2099-12-31,
1154161,montelukast,Drug,RxNorm,Ingredient,S,88249,1970-01-01,2099-12-31,
1154343,albuterol,Drug,RxNorm,Ingredient,S,435,1970-01-01,2099-12-31,
1163944,guaifenesin,Drug,RxNorm,Ingredient,S,5032,1970-01-01,2099-12-31,
1308216,lisinopril,Drug,RxNorm,Ingredient,S,29046,1970-01-01,2099-12-31,
1310149,warfarin,Drug,RxNorm,Ingredient,S,11289,1970-01-01,2099-12-31,
1322184,clopidogrel,Drug,RxNorm,Ingredient,S,32968,1970-01-01,2099-12-31,
1346823,carvedilol,Drug,RxNorm,Ingredient,S,20352,1970-01-01,2099-12-31,
1503297,metformin,Drug,RxNorm,Ingredient,S,6809,1970-01-01,2099-12-31,
1545958,atorvastatin,Drug,RxNorm,Ingredient,S,83367,1970-01-01,2099-12-31,
1619025,"Glomerular filtration rate/1.73 sq M.predicted [Volume Rate/Area] in Serum, Plasma or Blood by Creatinine-based formula (CKD-EPI 2021)",Measurement,LOINC,Lab Test,S,98979-8,2021-10-01,2099-12-31,
1734104,azithromycin,Drug,RxNorm,Ingredient,S,18631,1970-01-01,2099-12-31,
3000905,Leukocytes [#/volume] in Blood by Automated count,Measurement,LOINC,Lab Test,S,6690-2,1970-01-01,2099-12-31,
3004249,Systolic blood pressure,Measurement,LOINC,Clinical Observation,S,8480-6,1996-09-06,2099-12-31,
3004410,Hemoglobin A1c/Hemoglobin.total in Blood,Measurement,LOINC,Lab Test,S,4548-4,1970-01-01,2099-12-31,
3011960,Natriuretic peptide B [Mass/volume] in Serum or Plasma,Measurement,LOINC,Lab Test,S,30934-4,1970-01-01,2099-12-31,
3012888,Diastolic blood pressure,Measurement,LOINC,Clinical Observation,S,8462-4,1996-09-06,2099-12-31,
3016258,Waist Circumference at umbilicus by Tape measure,Measurement,LOINC,Clinical Observation,S,8280-0,1996-09-06,2099-12-31,
3016723,Creatinine [Mass/volume] in Serum or Plasma,Measurement,LOINC,Lab Test,S,2160-0,1970-01-01,2099-12-31,
3019800,Troponin T.cardiac [Mass/volume] in Serum or Plasma,Measurement,LOINC,Lab Test,S,6598-7,1970-01-01,2099-12-31,
3022192,Triglyceride [Mass/volume] in Serum or Plasma,Measurement,LOINC,Lab Test,S,2571-8,1970-01-01,2099-12-31,
3027172,Left ventricular Ejection fraction,Measurement,LOINC,Clinical Observation,S,10230-1,1970-01-01,2099-12-31,
3028437,Cholesterol in LDL [Mass/volume] in Serum or Plasma,Measurement,LOINC,Lab Test,S,2089-1,1970-01-01,2099-12-31,
3028615,Eosinophils [#/volume] in Blood by Automated count,Measurement,LOINC,Lab Test,S,711-2,1970-01-01,2099-12-31,
3038553,Body mass index (BMI) [Ratio],Measurement,LOINC,Clinical Observation,S,39156-5,1970-01-01,2099-12-31,
4087260,Peak expiratory flow rate,Measurement,SNOMED,Observable Entity,S,18491006,2002-01-31,2099-12-31,
4120120,Hemodialysis,Procedure,SNOMED,Procedure,S,302497006,2002-01-31,2099-12-31,
4132161,Oral,Route,SNOMED,Qualifier Value,S,26643006,2002-01-31,2099-12-31,
4133840,Spirometry,Measurement,SNOMED,Procedure,S,127783003,2002-01-31,2099-12-31,
4142645,Angiography of coronary artery,Procedure,SNOMED,Procedure,S,33367005,2002-01-31,2099-12-31,
4163872,Plain X-ray of chest,Procedure,SNOMED,Procedure,S,399208008,2003-07-31,2099-12-31,
4163951,Electrocardiographic procedure,Procedure,SNOMED,Procedure,S,29303009,2002-01-31,2099-12-31,
4230911,Echocardiography,Procedure,SNOMED,Procedure,S,40701008,2002-01-31,2099-12-31,
4296597,Cardiovascular stress testing,Procedure,SNOMED,Procedure,S,76746007,2002-01-31,2099-12-31,
4299535,Pregnancy,Condition,SNOMED,Clinical Finding,S,77386006,2002-01-31,2099-12-31,
4329847,Myocardial infarction,Condition,SNOMED,Disorder,S,22298006,2002-01-31,2099-12-31,
40486069,Respiratory tract,Route,SNOMED,Qualifier Value,S,447694001,2011-07-31,2099-12-31,
40762499,Oxygen saturation in Arterial blood by Pulse oximetry,Measurement,LOINC,Clinical Observation,S,59408-5,2010-04-14,2099-12-31,
46271022,Chronic kidney disease,Condition,SNOMED,Disorder,S,709044004,2015-07-31,2099-12-31,
