concept_id_1,concept_id_2,relationship_id,valid_start_date,valid_end_date,invalid_reason
8507,8507,Mapped from,1970-01-01,2099-12-31,
8507,8507,Maps to,1970-01-01,2099-12-31,
8532,8532,Mapped from,1970-01-01,2099-12-31,
8532,8532,Maps to,1970-01-01,2099-12-31,
8554,8554,Mapped from,1970-01-01,2099-12-31,
8554,8554,Maps to,1970-01-01,2099-12-31,
8582,8582,Mapped from,1970-01-01,2099-12-31,
8582,8582,Maps to,1970-01-01,2099-12-31,
8698,8698,Mapped from,1970-01-01,2099-12-31,
8698,8698,Maps to,1970-01-01,2099-12-31,
8784,8784,Mapped from,1970-01-01,2099-12-31,
8784,8784,Maps to,1970-01-01,2099-12-31,
8840,8840,Mapped from,1970-01-01,2099-12-31,
8840,8840,Maps to,1970-01-01,2099-12-31,
8842,8842,Mapped from,1970-01-01,2099-12-31,
8842,8842,Maps to,1970-01-01,2099-12-31,
8845,8845,Mapped from,1970-01-01,2099-12-31,
8845,8845,Maps to,1970-01-01,2099-12-31,
8848,8848,Mapped from,1970-01-01,2099-12-31,
8848,8848,Maps to,1970-01-01,2099-12-31,
8876,8876,Mapped from,1970-01-01,2099-12-31,
8876,8876,Maps to,1970-01-01,2099-12-31,
9448,9448,Mapped from,1970-01-01,2099-12-31,
9448,9448,Maps to,1970-01-01,2099-12-31,
9531,9531,Mapped from,1970-01-01,2099-12-31,
9531,9531,Maps to,1970-01-01,2099-12-31,
32533,32533,Mapped from,1970-01-01,2099-12-31,
32533,32533,Maps to,1970-01-01,2099-12-31,
32817,32817,Mapped from,2020-08-20,2099-12-31,
32817,32817,Maps to,2020-08-20,2099-12-31,
201826,201826,Mapped from,1970-01-01,2099-12-31,
201826,201826,Maps to,1970-01-01,2099-12-31,
255573,255573,Mapped from,1970-01-01,2099-12-31,
255573,255573,Maps to,1970-01-01,2099-12-31,
255841,255841,Mapped from,1970-01-01,2099-12-31,
255841,255841,Maps to,1970-01-01,2099-12-31,
255848,255848,Mapped from,1970-01-01,2099-12-31,
255848,255848,Maps to,1970-01-01,2099-12-31,
257007,257007,Mapped from,1970-01-01,2099-12-31,
257007,257007,Maps to,1970-01-01,2099-12-31,
317009,317009,Mapped from,1970-01-01,2099-12-31,
317009,317009,Maps to,1970-01-01,2099-12-31,
317576,317576,Mapped from,1970-01-01,2099-12-31,
317576,317576,Maps to,1970-01-01,2099-12-31,
319835,319835,Mapped from,1970-01-01,2099-12-31,
319835,319835,Maps to,1970-01-01,2099-12-31,
320128,320128,Mapped from,1970-01-01,2099-12-31,
320128,320128,Maps to,1970-01-01,2099-12-31,
381316,381316,Mapped from,1970-01-01,2099-12-31,
381316,381316,Maps to,1970-01-01,2099-12-31,
432867,432867,Mapped from,1970-01-01,2099-12-31,
432867,432867,Maps to,1970-01-01,2099-12-31,
433736,433736,Mapped from,1970-01-01,2099-12-31,
433736,433736,Maps to,1970-01-01,2099-12-31,
720870,720870,Mapped from,2022-04-08,2099-12-31,
720870,720870,Maps to,2022-04-08,2099-12-31,
756265,756265,Mapped from,2021-09-25,2099-12-31,
756265,756265,Maps to,2021-09-25,2099-12-31,
756265,1147314,Version contains,2021-09-25,2099-12-31,
956874,956874,Mapped from,1970-01-01,2099-12-31,
956874,956874,Maps to,1970-01-01,2099-12-31,
1106776,1106776,Mapped from,1970-01-01,2099-12-31,
1106776,1106776,Maps to,1970-01-01,2099-12-31,
1112807,1112807,Mapped from,1970-01-01,2099-12-31,
1112807,1112807,Maps to,1970-01-01,2099-12-31,
1147314,756265,Contained in version,2021-09-25,2099-12-31,
1147314,1147314,Mapped from,2018-10-11,2099-12-31,
1147314,1147314,Maps to,2018-10-11,2099-12-31,
1149196,1149196,Mapped from,1970-01-01,2099-12-31,
1149196,1149196,Maps to,1970-01-01,2099-12-31,
1149380,1149380,Mapped from,1970-01-01,2099-12-31,
1149380,1149380,Maps to,1970-01-01,2099-12-31,
1154161,1154161,Mapped from,1970-01-01,2099-12-31,
1154161,1154161,Maps to,1970-01-01,2099-12-31,
1154343,1154343,Mapped from,1970-01-01,2099-12-31,
1154343,1154343,Maps to,1970-01-01,2099-12-31,
1163944,1163944,Mapped from,1970-01-01,2099-12-31,
1163944,1163944,Maps to,1970-01-01,2099-12-31,
1308216,1308216,Mapped from,1970-01-01,2099-12-31,
1308216,1308216,Maps to,1970-01-01,2099-12-31,
1310149,1310149,Mapped from,1970-01-01,2099-12-31,
1310149,1310149,Maps to,1970-01-01,2099-12-31,
1322184,1322184,Mapped from,1970-01-01,2099-12-31,
1322184,1322184,Maps to,1970-01-01,2099-12-31,
1346823,1346823,Mapped from,1970-01-01,2099-12-31,
1346823,1346823,Maps to,1970-01-01,2099-12-31,
1503297,1503297,Mapped from,1970-01-01,2099-12-31,
1503297,1503297,Maps to,1970-01-01,2099-12-31,
1545958,1545958,Mapped from,1970-01-01,2099-12-31,
1545958,1545958,Maps to,1970-01-01,2099-12-31,
1619025,1619025,Mapped from,2021-08-23,2099-12-31,
1619025,1619025,Maps to,2021-08-23,2099-12-31,
1734104,1734104,Mapped from,1970-01-01,2099-12-31,
1734104,1734104,Maps to,1970-01-01,2099-12-31,
3000905,3000905,Mapped from,1970-01-01,2099-12-31,
3000905,3000905,Maps to,1970-01-01,2099-12-31,
3004249,3004249,Mapped from,1996-09-06,2099-12-31,
3004249,3004249,Maps to,1996-09-06,2099-12-31,
3004410,3004410,Mapped from,1970-01-01,2099-12-31,
3004410,3004410,Maps to,1970-01-01,2099-12-31,
3011960,3011960,Mapped from,1970-01-01,2099-12-31,
3011960,3011960,Maps to,1970-01-01,2099-12-31,
3012888,3012888,Mapped from,1996-09-06,2099-12-31,
3012888,3012888,Maps to,1996-09-06,2099-12-31,
3016258,3016258,Mapped from,1996-09-06,2099-12-31,
3016258,3016258,Maps to,1996-09-06,2099-12-31,
3016723,3016723,Mapped from,1970-01-01,2099-12-31,
3016723,3016723,Maps to,1970-01-01,2099-12-31,
3019800,3019800,Mapped from,1970-01-01,2099-12-31,
3019800,3019800,Maps to,1970-01-01,2099-12-31,
3022192,3022192,Mapped from,1970-01-01,2099-12-31,
3022192,3022192,Maps to,1970-01-01,2099-12-31,
3027172,3027172,Mapped from,1970-01-01,2099-12-31,
3027172,3027172,Maps to,1970-01-01,2099-12-31,
3028437,3028437,Mapped from,1970-01-01,2099-12-31,
3028437,3028437,Maps to,1970-01-01,2099-12-31,
3028615,3028615,Mapped from,1970-01-01,2099-12-31,
3028615,3028615,Maps to,1970-01-01,2099-12-31,
3038553,3038553,Mapped from,1970-01-01,2099-12-31,
3038553,3038553,Maps to,1970-01-01,2099-12-31,
4087260,4087260,Mapped from,1970-01-01,2099-12-31,
4087260,4087260,Maps to,1970-01-01,2099-12-31,
4120120,4120120,Mapped from,1970-01-01,2099-12-31,
4120120,4120120,Maps to,1970-01-01,2099-12-31,
4132161,4132161,Mapped from,1970-01-01,2099-12-31,
4132161,4132161,Maps to,1970-01-01,2099-12-31,
4133840,4133840,Mapped from,1970-01-01,2099-12-31,
4133840,4133840,Maps to,1970-01-01,2099-12-31,
4142645,4142645,Mapped from,1970-01-01,2099-12-31,
4142645,4142645,Maps to,1970-01-01,2099-12-31,
4163872,4163872,Mapped from,1970-01-01,2099-12-31,
4163872,4163872,Maps to,1970-01-01,2099-12-31,
4163951,4163951,Mapped from,1970-01-01,2099-12-31,
4163951,4163951,Maps to,1970-01-01,2099-12-31,
4230911,4230911,Mapped from,1970-01-01,2099-12-31,
4230911,4230911,Maps to,1970-01-01,2099-12-31,
4296597,4296597,Mapped from,1970-01-01,2099-12-31,
4296597,4296597,Maps to,1970-01-01,2099-12-31,
4299535,4299535,Mapped from,1970-01-01,2099-12-31,
4299535,4299535,Maps to,1970-01-01,2099-12-31,
4329847,4329847,Mapped from,1970-01-01,2099-12-31,
4329847,4329847,Maps to,1970-01-01,2099-12-31,
40486069,40486069,Mapped from,2011-07-31,2099-12-31,
40486069,40486069,Maps to,2011-07-31,2099-12-31,
40762499,40762499,Mapped from,2010-04-14,2099-12-31,
40762499,40762499,Maps to,2010-04-14,2099-12-31,
46271022,46271022,Mapped from,2015-07-31,2099-12-31,
46271022,46271022,Maps to,2015-07-31,2099-12-31,
