condition_concept_id,condition_name,category,patient_count,pct_of_population
4170143,RHINITIS,Respiratory,1335,13.35
317009,ASTHMA,Respiratory,1090,10.90
255573,COPD,Respiratory,1086,10.86
255848,PNEUMONIA,Respiratory,806,8.06
258780,BRONCHITIS,Respiratory,688,6.88
320128,HYPERTENSION,Cardiometabolic,2397,23.97
432867,HYPERLIPIDEMIA,Cardiometabolic,1989,19.89
433736,OBESITY,Cardiometabolic,1778,17.78
201826,T2DM,Cardiometabolic,1458,14.58
46271022,CKD,Cardiometabolic,1384,13.84
319835,CHF,Cardiometabolic,1249,12.49
317576,CAD,Cardiometabolic,1169,11.69
381316,STROKE,Cardiometabolic,952,9.52
4329847,MI,Cardiometabolic,790,7.90
