month,mean_pm25,p10,p90
2014-01-01,9.73,6.83,13.37
2014-02-01,10.94,6.73,15.41
2014-03-01,9.80,6.09,13.06
2014-04-01,8.12,5.23,10.25
2014-05-01,8.25,5.34,10.59
2014-06-01,8.96,5.36,11.50
2014-07-01,10.01,6.85,12.59
2014-08-01,10.08,6.59,13.35
2014-09-01,7.96,5.47,10.37
2014-10-01,7.33,5.23,9.14
2014-11-01,8.92,6.48,11.23
2014-12-01,9.87,6.69,12.51
2015-01-01,10.26,7.04,13.15
2015-02-01,10.31,6.88,12.95
2015-03-01,8.53,5.98,11.34
2015-04-01,6.92,5.14,8.30
2015-05-01,7.92,5.21,10.59
2015-06-01,8.81,6.09,11.06
2015-07-01,10.90,7.70,13.55
2015-08-01,9.54,6.60,11.43
2015-09-01,8.64,6.01,11.05
2015-10-01,7.19,5.27,9.10
2015-11-01,7.41,5.57,9.37
2015-12-01,8.43,6.24,10.61
2016-01-01,8.99,6.63,11.61
2016-02-01,7.82,5.59,9.65
2016-03-01,7.59,4.90,9.77
2016-04-01,6.97,4.92,8.54
2016-05-01,7.46,5.31,9.24
2016-06-01,7.95,5.27,10.25
2016-07-01,8.16,5.57,10.16
2016-08-01,7.34,5.41,8.86
2016-09-01,7.35,4.76,9.66
2016-10-01,7.37,4.98,9.69
2016-11-01,9.46,5.73,12.87
2016-12-01,8.35,6.14,10.70
2017-01-01,8.31,6.17,10.90
2017-02-01,8.64,5.72,10.84
2017-03-01,7.53,4.98,9.25
2017-04-01,6.84,4.32,8.76
2017-05-01,6.90,4.41,9.11
2017-06-01,7.12,5.09,8.62
2017-07-01,8.70,6.49,10.53
2017-08-01,9.06,6.85,10.99
2017-09-01,9.63,7.36,11.75
2017-10-01,7.04,5.05,8.65
2017-11-01,8.68,6.09,10.83
2017-12-01,9.64,6.96,11.91
2018-01-01,9.09,6.72,11.04
2018-02-01,7.96,5.75,10.24
2018-03-01,7.36,4.33,9.98
2018-04-01,7.15,4.99,8.98
2018-05-01,8.05,5.53,10.10
2018-06-01,8.22,5.26,10.88
2018-07-01,9.61,6.59,13.46
2018-08-01,11.17,7.73,14.14
2018-09-01,6.50,4.79,7.75
2018-10-01,6.35,4.27,8.37
2018-11-01,8.65,5.34,10.79
2018-12-01,8.45,6.06,11.43
2019-01-01,7.94,5.89,10.13
2019-02-01,8.33,5.70,11.18
2019-03-01,8.21,5.70,10.32
2019-04-01,6.53,4.18,8.45
2019-05-01,7.04,4.37,9.45
2019-06-01,7.48,4.99,9.71
2019-07-01,8.75,5.93,10.72
2019-08-01,7.33,5.22,9.28
2019-09-01,7.76,4.45,10.72
2019-10-01,6.21,4.25,8.13
2019-11-01,8.58,5.50,11.31
2019-12-01,8.88,5.93,12.04
