w1,w2,phase
-0.000655470418852,0.000922952801789,4.05560528766
-0.0259394410212,0.0396053749056,5.45267963306
0.000262986898943,-0.00263125530683,1.71855029104
-2.62186635309e-06,0.00020851619354,4.59306452847
-0.00317072321083,0.0021510006431,2.36401439726
0.000992249992124,-0.000151561231415,5.84518378019
4.17181769295e-05,0.000965151369655,0.392762693436
0.00227577478169,0.00126765930484,1.46880317134
0.000206203700976,0.00107637370209,2.66655776483
0.00614670530873,-0.00236708872333,3.96382735459
0.000775630373778,-0.00157326025786,1.12221389534
-0.00172899681787,-0.000278691976514,1.51463096436
-0.00118585161071,-0.00263255248698,1.29615999821
-0.00146621952403,0.00245156403222,0.0043575409628
-0.00187720340051,0.000872254191755,5.43863399355
8.59580158708e-05,0.00032770869103,5.90248510315
0.000148449405117,-0.000703314218323,3.02643884251
0.00797457076469,0.00272430386206,0.728289312994
0.00272247038506,-0.00238610474292,3.49485011639
-0.000991083507207,-0.000280759465517,5.67715650992
0.000711411527095,0.000892836330613,2.5857689502
-0.000474959101521,-0.0026839645659,4.95738255452
0.025934633891,-0.0251760336002,2.21711276955
-0.000882398378726,-0.00130328291005,4.82636872117
0.00514884744457,-0.000139365149352,5.93055947599
0.00122346550785,0.000427759322564,5.19290730426
-0.00165829034197,0.000571571538646,0.823110685053
0.0056910599888,0.00603701743931,0.611667142892
0.00142432515319,-0.000280719116719,6.10797004687
-0.0022646404778,0.000321197766127,3.27426464147
-0.000182211186295,-0.000487935697208,3.82316250656
0.000156387009082,0.000295611491955,5.44434228045
-0.000270636382189,-0.000360439445728,4.85624067978
0.00269446522741,0.00583745511511,6.02135185951
-0.00105690733296,-0.00091029592405,4.46627172607
0.00151219295249,0.000847511924135,1.36611385765
0.00672453488374,-0.00701326549723,3.81848357002
-0.000638467675598,-0.00023320871718,5.91010209047
0.000684380588012,-0.000362135703375,5.76518246797
-0.000742492257854,0.00103345797187,1.50846500944
-0.000665788048305,0.0014876888461,0.248242209915
-0.00185157797538,0.00360837634311,4.99437285642
0.00244471373976,-0.00490392647802,5.60761508475
-0.00278258154485,0.0026889698166,0.674042357483
-0.000633767752455,-0.000465880488834,4.82071066264
-0.000155822073514,-0.00101195306718,1.99785648963
-0.000841499707324,0.000328893735466,1.97832578263
-7.49781091653e-05,0.00149880889355,1.70554898374
0.00313697191338,-3.85640026437e-05,0.644671688511
-0.00125758500565,0.00332799617404,4.36203486808
0.00471113646885,-0.00754054326304,3.56326363196
-0.000487342415884,0.00164255474719,1.86014661277
-0.000364844610141,0.000555381388115,2.88006955317
-2.33431907087e-07,-0.00112827122099,3.86988693795
-0.00133777521163,-0.00247606263402,1.14520000026
0.000235109766941,-0.00127532618341,1.52849667745
-0.000793652564634,-0.000166960775422,0.376316689557
0.00428790041825,0.0189694369325,0.0627586488963
-0.000873520364091,0.00131623009596,5.36734234858
-0.000909105642758,-4.25554643e-05,6.0906908498
0.000255466332691,-0.000496173550325,1.9689076983
0.00106183719036,-0.00028083296414,0.102272903229
-0.00059746458043,0.00101305263565,0.0744867469415
-0.000383899925226,0.000238985600165,0.0108524210535
-0.000227365312697,-0.000182464151893,3.21733457655
0.000609009277666,0.000300362717232,1.21454286139
0.0144625735862,0.0051442160999,5.45913466289
-0.000530017275586,1.43202729564e-05,5.58654611986
0.000372578288181,-0.0011396632204,2.48465380535
0.00103165398866,-0.00102681241924,1.17237533343
-0.00612462438505,-0.00402871589229,0.750540562201
0.0156241166905,0.00404715712566,1.06197637169
0.000995041502713,-0.00252884465768,0.0998169833843
0.000831068045404,0.00151624564626,3.55753062743
0.000506712937572,0.00194670766866,6.03298858805
-0.00490465735981,-0.00382360053885,2.82877288546
-0.000563213478131,-0.000364402383884,0.55013235414
0.00292933664108,-0.000947190715538,4.04936316122
0.0011303287919,-6.57991740699e-05,3.42633606282
-0.00363168515831,0.000338454412495,4.70549620966
3.7514552684e-05,0.000447059008673,4.32706439592
0.000727493723604,0.000976779478797,3.24483510439
-0.0019769943686,0.00113578504114,3.68295505722
5.99968938743e-05,-4.17683780409e-05,4.81201550525
-0.000609861455482,6.57860102682e-05,5.6157734155
0.000629116635735,0.00180173899013,2.12056496047
0.00319601719085,-0.00212275226804,3.30174933286
-0.000773093867349,0.00327972550564,1.66781378359
-0.000491465374086,0.000431254483068,0.455740477803
0.00315245851533,-0.000974090712149,3.68295087441
0.000409379893454,-0.000322087550366,6.12970668025
0.00155356230752,0.000418301538772,5.7858744024
-0.00176778019664,-0.00260420904164,6.17121640577
0.00118617829009,-0.00142875731008,2.62915582874
0.000833488424729,-0.000302913404367,1.74856987629
0.0051117719829,0.0122558719329,1.38011698676
0.00256821081235,0.00248377882161,1.55246967343
-0.00363860812535,0.000245381028207,2.6315887015
0.0101968295095,-0.00172134319701,2.3468801989
-0.00221118519559,0.000312699830767,0.478687405698
0.000213798787626,0.00152061658398,6.01866448311
9.08805587881e-05,0.000389397486103,3.409117564
-0.00062410618626,-0.00429584098867,2.20661677507
-0.00632464380492,-0.00738557919105,1.23285474325
0.00063664118852,-0.000429494636187,3.29290627326
0.000667371615562,0.00402163243677,4.12690550936
0.000837352724651,-0.000571462648427,4.22560503928
-0.00289130927187,-0.00213366228939,1.04060078631
0.00123156258861,0.00189629628291,5.33833929268
0.0013735942485,1.92487402867e-05,2.18838947141
-0.000712966844334,-0.0011436052977,3.60466255146
-0.0107570232817,-0.00496504414827,4.36682664486
0.00797939510694,0.0155300012221,2.80337998655
0.00150301446093,0.00832562697084,4.95359905189
0.00011251470967,-0.00010342151463,1.28670894585
0.00135922581787,-0.00146938571759,4.49333245811
-0.00148441547125,-9.03045720404e-05,5.32002739861
-0.00615741916471,0.0240471387074,2.17894940256
0.000393446005606,0.000126527007134,5.99904362119
-0.000151646526732,-0.000195416336485,5.6765970778
-9.03278085049e-05,-0.00195617763546,1.14852365883
-0.0124132359479,-0.0191795388814,1.77799851878
-0.0037755300398,-0.00153287397248,4.36506588261
-0.00438092862732,0.0123518771688,5.31440033225
0.0061642933021,0.00115240033516,0.447105075089
0.00106351686988,0.0248779058489,5.26949366712
0.000422493173898,0.000852858734412,2.54458976913
0.0046268937584,-0.00823387711532,4.35762269079
6.40808732233e-05,0.00121893524713,1.69053611948
0.000524726542662,0.00100592447999,4.14375726833
-0.000957800855112,-0.000504676491097,6.00376372238
-0.000398183620959,0.000886377870464,3.42519750798
0.000416687141954,-0.00091802617179,3.64226080385
0.000737895092399,0.00402902773016,1.17243119319
-0.00737298268221,0.00915693862161,1.78552282842
0.0014945442693,-0.00109522679161,5.42003453558
-0.0016776114037,0.000312777444843,1.59191929964
0.00163722552847,-0.00308596752218,0.425213740721
-0.00144695565201,-0.000471383999125,4.5797738514
-0.000115532011071,-0.000947764280307,0.23880911884
-0.000223012436561,0.000732906793636,0.0261316889809
0.000211716568361,0.00118086826543,2.26694989851
0.000545282834302,0.00160796885053,4.9301510346
0.0020491626596,-0.00145576267415,5.01811766391
-0.000571361460734,0.000446161223723,5.05455384476
0.000656536019014,-0.00102437752207,0.152833758847
0.00123445693125,-0.000486754527244,4.60776028222
4.33898447326e-05,0.000652013076177,0.56687860313
-0.00035351884852,-0.000551244152894,1.27243263731
-0.000132385514347,0.00108296201988,2.1581479039
0.0011178898274,-0.00091221872898,4.75885563949
0.000261885894512,-0.00273207050199,6.06603886647
-0.00214888026994,-0.00125790743622,3.73124239972
-0.00276990908419,0.00195789302678,3.51517364753
-0.000639620462207,-0.00129667916604,2.59958759112
-0.000181830866212,-0.000511381059986,0.345544657642
0.00110380696965,-0.00105042009347,4.3009218229
-0.000325493350772,0.00101217400777,0.836150414463
0.00141241213114,0.000510420994319,6.2226999707
-0.00015878291775,0.000704665337232,4.90778063462
-0.000813811997025,0.00263736318974,0.0636422225316
-0.00621053876636,0.00479929711768,2.87642017431
0.00153359708851,0.00111609706061,2.14559223615
-0.00101704550766,-0.000353789332478,1.05798318101
-0.0646764818934,-0.0464237935271,1.95433248203
0.00050832242795,-0.00036327362291,1.81271607824
-0.00459453934482,-0.00152937783857,6.13632078019
0.0373255225892,-0.00626713498488,0.288611283936
0.00142005065338,0.000440513151616,1.85853086229
0.000102237408766,0.000273088438053,0.167957201151
0.000268901762968,0.000399874079577,3.24527483542
0.00961654342787,0.0214947996829,5.57080059819
0.00182649151671,-0.00356772612365,1.32494199021
0.000692238765939,-0.00027035742242,0.520639975909
-0.000134039366438,-0.000711705481006,2.0720319375
-8.63422143143e-05,0.000680789844669,3.1687806336
-0.000848824204059,-3.32221559969e-05,4.29397660532
0.0107809456319,-0.0020387229926,1.98748395882
-0.000205914865034,-0.000693350247316,2.72263598618
-0.000634156716639,-0.00138656225808,1.81345671001
-0.000196982341768,0.00266636065178,5.22725873062
-0.000741330152367,0.000591754356811,3.84061484068
6.60824869559e-05,4.92284342568e-06,3.38770335838
0.000900906490466,-0.000355609361291,0.288484876413
-0.00131443646356,-0.00208426522379,5.26104836893
0.00328441230442,0.00583027097691,3.08266582163
-0.000114310091777,-0.000186345801356,5.99921674475
-0.00575452786711,-0.00321364718364,2.3504710568
-0.00082453080379,0.00122031163784,2.12782998762
-0.00362727582255,-0.00115403046618,3.08231832177
-0.0003388241706,9.80097362507e-05,5.94765450276
0.00397699656228,0.00329255464041,0.484535292382
0.00389297190259,-0.00104895982992,5.92217650496
0.000822986119159,-0.00111717126912,0.0924295707831
5.13688200109e-05,2.57529738115e-05,0.478777307007
3.07302573865e-05,-0.000262708140609,2.70443735644
-5.13930286519e-05,0.000408877139113,2.38140411514
-0.00375783647146,0.00615904196535,5.74165068925
-0.000406104373328,6.70915873438e-05,3.36858134085
0.00268138922451,0.00155804352029,0.542587534058
0.00190243184629,-0.00114161103577,1.68056063904
-0.000963265024123,0.000617732950675,3.00236642897
-0.00121840557632,-0.00139505934569,6.20501168537
-0.000733356061267,0.00100142792856,4.64201437553
-0.000604459605707,0.00203153088458,3.46082746467
-0.000663350690929,0.0185171408212,2.54441486082
-0.0152926625185,0.0115643511353,3.31703116933
0.00100419194887,-0.00151364946375,3.39185546637
-2.94165163279e-05,1.98725251851e-06,3.26904921274
0.000829217043161,-0.000881343935518,4.76479962624
-0.000342796767402,-0.00197798785854,0.660664852017
0.000685119980163,3.27520107885e-05,4.04276936545
-0.00119799107978,0.00265876671512,2.00154114413
-0.0302050097939,-0.00614696110357,0.0926782512003
0.000593430474626,0.000650764638631,5.02930864764
0.0013872649212,0.00091382734796,5.86196425547
-0.00155272065842,-0.000686598880358,3.5475098117
0.000562928681172,0.000583793493363,2.55370159088
0.0012283370789,0.00167064947525,1.87530858567
0.00154562267485,-0.00534196062995,0.860811387137
-0.00198375988518,9.32286942196e-05,1.35495151437
0.00267074379303,0.00684414686026,3.85054263005
0.00086550074454,-0.000337609601445,0.422732293581
-0.0130939122101,-0.00693004126571,5.45969120212
3.11759087116e-05,-0.00131993500251,1.34046094754
0.00039968560822,0.000399268538207,2.58334427569
-0.000611102359126,0.000932090033228,4.22373792348
0.00130437658421,0.0004909679289,5.49591605097
0.000866360286899,0.000902834926649,3.91211570574
-0.0847157812952,0.103048332572,1.29317658577
-0.0206064409695,0.00854444153867,2.93009852844
-0.00331401748606,-0.000808214417976,5.15450248956
0.000914777279675,0.000629903912326,5.01200731468
0.000723495541664,9.69005439648e-05,0.528317088098
0.000917275815199,0.00114039442641,4.3725473426
0.000743113791676,-0.000578175673699,3.04356489481
0.000484078298238,-0.000222456958668,3.87231235132
9.92709641997e-05,-0.00129425624095,2.05573550807
-4.14847701863e-05,0.000151721528077,2.55747931099
0.000558963558653,-0.00188652092471,5.80911682944
0.00271442776118,-0.000653564229261,4.16269329855
0.000488639922113,0.000302983334495,1.14432671709
-0.000497637338291,-0.000103210178402,1.74752919546
-0.00100066020281,0.00358714040341,1.01922856111
-0.000544673082041,-0.00269648751117,1.67790381815
-0.128445009235,-0.252855540401,4.5743248364
0.0220788085821,0.384831388178,0.925484921466
-0.000101664404825,-0.000129663957535,4.53288335128
-0.000830784861333,0.000792898561991,3.05383589809
0.00107987921538,0.000258839699991,4.28520238399
-0.000515167710862,4.00780553502e-05,5.64186426624
0.000576038864861,0.00174082259812,4.51805539049
-0.000532764535251,0.000999625386746,5.21594057162
-0.000733344109655,-3.33754525679e-05,1.56449915635
0.000422527067016,-0.000429393090253,4.25304348921
-0.00124462160461,0.000215522380452,5.27953389244
0.00409254450195,-0.000253937736528,3.79996866678
-1.66117410283e-05,-0.0028049228234,4.06094568913
0.000113754490429,-0.000387325366104,0.418296062831
0.000579139044787,0.00373289420654,1.60323137566
0.000314892267514,3.42684575952e-05,1.16629173818
0.000938856431131,-0.00145843859215,2.27134642704
-0.00127463594225,-0.000579494333554,3.54225263346
-0.000493171484784,-0.00222467842431,1.73637164682
-0.000158408463344,-0.000259931420279,1.05474845494
0.00501226092474,-0.0136247419918,3.1713822961
0.000376517220693,-0.00110782139556,2.09565080134
9.41133582685e-05,-0.000698764195957,2.5768822596
0.00735738679067,-0.00250945347229,1.2903774259
-0.00848075127582,-0.0410392353519,6.27652987963
-0.00045600998297,0.00159908394684,4.38869999833
-0.0021302472003,-7.08097664486e-06,3.60314811075
0.00125712326445,-0.000914304694387,0.147198129753
-0.000226028135556,-0.00561142724085,5.90206389396
0.012766397487,-0.0122621468252,4.38889055552
0.00821000269313,-0.00436224615304,2.64669150016
0.00122315156352,6.40609224438e-05,4.85017456556
0.00051042210596,0.00100668883766,1.63194353551
0.000656046248747,0.00138060809524,2.57540060961
-0.00128569384861,-0.00197506935267,5.83073539131
0.00191125954485,0.000741370192061,2.65905738114
0.000684412311615,-0.000820330600253,5.56670045032
-0.00882150205714,-0.00235220899516,3.71111308827
-0.0017860115391,-0.00298947943918,1.06008405138
0.00103958598323,-0.00594037966214,1.68434520429
-0.000327240612775,0.000736916131116,1.86236490401
0.000206676988441,0.000223657538146,2.12582580594
-0.000654237033733,-0.00040617119721,2.98103244686
0.00336203787683,-0.00328395225929,2.15615513564
-3.16711891492e-05,0.0014259469419,5.18076517741
-0.000168459305669,0.000772544777705,5.94778763156
0.000310359998808,0.00246137122648,4.25688109073
-0.0463713539845,-0.0689342820714,3.45331366002
-0.00520917110711,0.00305013985247,0.018404421157
0.00294312720003,-0.00338122510441,2.96713960813
0.000710018049727,0.00103501581474,4.85014237204
0.00304354701944,-0.00513507456688,0.105466860813
0.035762527119,-0.0090734005856,1.03344228658
-0.0518009801333,-0.01447536695,5.38716588029
0.00213066400545,-0.000155562325297,5.89731456246
-8.04541949957e-05,0.00198831981073,3.65180571433
-0.00595266337002,0.00932565142564,3.77357002066
0.0012793589417,-9.19904629969e-05,4.07695227574
-2.42578413629e-05,0.00189876854429,5.86898209068
-0.000520342208869,-0.000194861458226,0.763513162921
0.00018458259501,-0.00088312001897,1.70209386843
-0.00641124738152,0.00208289478417,3.77049322145
0.000782881645451,0.00118577603897,1.62714495299
-0.00165317466142,-0.000341316818294,3.71912236188
-0.000246418972838,-0.00132972567519,4.4190049266
0.000531432864744,-0.00118098445566,5.27175995517
-9.33062824451e-05,0.000290935014779,0.980263088057
-0.00268114664859,-0.0013315983964,0.278901179534
-0.000135319800532,-0.00015922042689,6.25243301332
0.000280776819758,0.00022917507314,1.1156442585
0.000351053964995,0.000160217819025,5.57132168427
-3.54201127533e-05,-0.000648075929367,2.03136804007
-0.000376931325763,-0.000706702865599,3.21820028459
-0.000318466849884,-4.63317925459e-05,3.59082946762
0.00121895661349,0.00190299828638,1.81050253506
0.00228727110001,0.000120463403628,2.88358506483
-0.00115313649245,-0.000337856716574,3.84960410563
-0.00043323131648,-0.000543802949675,3.15373144357
0.0013642500233,0.000951729829851,5.4528915224
-1.52462396046e-05,-0.00114130701217,4.29516594154
0.00094561619072,-0.00155197369877,2.14094961873
-0.00131749615458,-0.0044207657238,4.64283663948
-0.000810579852833,0.000629527220557,3.96713325534
-0.000520907354376,-0.00176883809582,3.17146304397
-0.00275525908559,0.0011592506274,0.970561346674
0.0612006742842,0.052069528224,5.5413316612
-0.000374001238909,-0.00048679417692,3.61610724258
-0.000694601297999,0.00122713992352,3.00347896486
0.00166805891782,-0.00115789783616,5.80531468169
0.00734644496022,-0.000193683070007,1.47378071788
-0.000551381138219,-0.000991757049694,4.82329608516
5.50265382952e-05,5.78010833961e-06,1.34229680289
-0.00107264521145,-0.00209378914566,1.59117474581
-0.00501026936488,0.00105985294603,0.311010844222
-0.00374871694795,0.000394565249453,1.55977826705
-0.00109838214082,0.00097202608179,0.889897427404
0.000231723809769,-0.0213295916673,1.14914918683
0.00615802680282,0.0015312336446,5.82483630537
-2.08718741247e-05,0.000475245304516,0.0863766444596
0.000413711764495,0.00162962070987,5.3684689009
0.00104509657681,-0.000121561493349,1.00684710229
0.00168379200498,-0.00106817770414,5.33787597435
-0.000201936659409,0.000809106226463,1.21653750197
-0.000160422806256,0.00123392730094,0.832943972742
7.91674649256e-05,0.000132251466059,5.32115474268
0.00223035489875,-0.00554490723333,2.13803390108
0.000271797126623,-0.000387659449874,0.524930522311
0.00214516108813,-0.000897002180891,3.99229393022
3.68741193403e-05,-0.000317185948674,2.56384529525
-4.38714738113e-05,-0.00097548102225,1.58781374716
-0.000427979979853,-0.00292668061892,2.9125168857
0.00786601049407,-0.00656460061268,4.5858217979
-0.000669366282361,-0.00251539031882,1.62113834159
0.00086478380756,0.00160184851886,0.243609794576
-0.000854669107492,-0.000625648859469,0.795162903638
-0.0533840442238,-0.00284187217608,2.34039523446
-0.0150500701074,0.0232286162726,3.13199707296
-0.00230379612274,-0.000285274228925,5.54643626808
-0.00288016307158,-0.00707693927739,2.53870670334
0.00241076746632,0.00146209167083,0.0846833823156
-0.00132063269584,0.00798577204592,0.535827696135
-0.000529606021473,-0.0001745992027,4.41824171748
-3.18695061581e-05,2.82164248354e-05,1.25084149061
0.000315788166722,-0.000469024042957,5.6277251885
-0.00307001086232,0.00216252009131,2.54157259098
-0.000445101634774,-0.00247992687952,1.97171818239
0.000656482339118,0.000760984820093,1.8748613056
-0.00170290071142,0.00097356637419,5.97362577989
0.0026308596437,0.00185544944155,3.77060557711
-3.72765344595e-05,-0.00485058608817,5.75770675208
-0.262292691938,0.139116236939,2.02995308809
-0.0384272045524,0.00599810398591,2.68631140745
-0.00145392535909,-0.00157619826311,5.40893692968
0.00263608286978,-8.85194376327e-05,3.79026422015
-0.00318643269055,0.00203476341075,0.57677165181
-0.000406568633513,-0.00020826584053,2.25724222287
0.00084242355059,0.00100201572185,1.840640076
-0.00174221715187,0.00783657308507,5.0297592487
0.00118893237915,-0.00267436112379,5.81274713149
-0.00036727643296,-0.000194045711575,1.69707860332
0.00023824633764,-1.77097052605e-05,0.903714473895
0.00158609696328,0.000269034557279,4.7519580381
0.00578485634809,-0.00161235196286,5.73838589978
-0.00155252705871,-0.000148509436879,2.5387285913
0.0385636517775,-0.000906494397048,0.215456304419
-0.000529221299629,-2.66694891564e-05,3.933704323
0.000215078790375,0.000375232993669,3.19666497505
-0.00092540820242,-0.00256923084195,1.56178684108
-0.00115635725859,-0.000667410575748,3.96879285778
0.00102100803039,-0.000510292623807,1.59177328376
-0.00218064422897,-0.00043130899755,3.79138819013
0.000181961737151,-0.00100700165423,1.70108846703
-0.000941364331622,0.00520460668312,0.178507679424
0.000500741409824,-0.00063601763144,3.5883151453
0.000292633413714,-0.000385358780697,3.33945431102
-0.00101367065281,-6.44290065752e-05,2.34631347859
-0.00127785744378,0.00129986112461,3.77415325415
0.000606686320581,0.000590562695407,3.54880997917
0.000192217563302,0.000529545358857,3.33669939917
-0.000371855063704,-0.000304248039298,5.52153008512
-4.5242688264e-05,-0.000396011631283,3.70912522897
0.0156812678246,-0.00439044181635,1.39243376221
-0.000201876528009,0.000296546926989,5.68190350834
7.72191902275e-05,0.00121011085641,1.42404509497
0.00147025789629,0.00152616966115,0.484428020127
-0.00335179355548,0.0010249941986,5.42043056227
-0.00865476375511,0.000772699830967,5.08304334735
-0.00322667314708,0.00370100395863,1.92007402566
-0.000936848613202,0.00537719273283,1.5975321051
-0.000137116703162,0.00192482035572,3.34911072173
0.000733819187373,7.00745690038e-05,2.4037593773
-2.74088384921e-05,-0.00189794944496,0.0838963944183
-0.000989489627265,-0.00149574311797,5.32069402124
-0.000896943001288,0.000887840719607,0.0422660636951
0.000531422886995,-0.00229497484416,1.49927548799
-0.00118690600572,-0.000654294383645,3.83712211535
0.000231941283975,-0.00245319971595,0.444201810672
0.000318594594298,-0.000136230413128,3.24733768656
0.00094680614431,0.000186890899296,3.03951977635
0.000538968622424,-0.00061690521588,2.86371399699
0.000693739670497,0.000280154607815,5.64597829445
0.000298586497452,-0.000298917926178,4.04614411299
0.000413539177402,0.000642822811171,3.67603208764
0.000227536212352,0.000353702517656,0.148697928741
0.00376403192293,-0.00884203117036,5.45261458271
-4.72837885832e-05,0.00164836116899,5.22928865061
0.00107471573024,0.000188940352657,5.34026604516
0.000864503908951,-0.00190142483971,0.714032963389
0.000414967524723,0.000429221440283,4.38656180924
-0.000374400959638,-9.4365648072e-05,5.44393592032
-0.00412464341872,0.00508510581959,4.13150396465
0.00379193430105,0.000343024056916,2.27685630749
-0.00570488007727,-0.00276157257259,4.7410812501
-0.001652935445,-0.00320651268812,5.06047275495
-0.000669828142774,0.00372328977225,4.06470805785
-0.00129764912565,0.00068341492293,0.881290284693
-0.00501968644219,-0.000711165433168,5.34635050209
0.00208058455918,0.000252652089249,1.90087465733
-0.000530233402734,0.000920139156736,0.6903732271
0.000343748063209,0.00107321880113,3.1120927645
-0.0090886578563,0.0040206012888,2.82049755368
-0.00264965097144,0.00443182432093,1.65396253422
-0.000360898845635,6.93308189192e-05,2.62439780359
4.61086227419e-05,0.00135530220124,1.55122220314
0.000337038045525,0.00290624602146,4.10292569474
-0.000171160592504,0.000556352964041,5.87964187088
-0.00281608248551,-0.00782310900992,2.24157634501
-0.00121474094221,-0.000387574903092,2.72467625971
-0.00218582715629,-0.00208529464591,5.00904887179
0.000200724491262,-0.00104793344252,2.10640069012
-0.00167529853753,0.00049193895381,3.73372892676
0.000305699300849,0.000321367373226,5.53581083235
0.000327934285114,-2.50847528453e-05,3.10567901614
-0.0026395181961,-0.00430686911833,4.74491830758
-0.000789229106937,-0.000203059451782,4.86637292458
-0.00222535153325,0.000217854847957,1.09712807963
0.000725041348208,-0.00285859289226,1.85098134961
0.00268624158659,0.00158862775715,0.696319340985
0.00718078723352,0.00599029298067,6.17253712194
-7.61004575192e-05,0.000199258240951,5.50080442781
0.000290777260912,0.00237643202201,1.77044266956
0.000190624796608,0.000475594211652,4.39807683328
8.27566644226e-05,0.000726174300051,1.54166856987
0.00263868735266,0.00560359378997,1.25503215036
-6.99533531529e-06,-0.000189105435154,5.96759209981
-0.00014019913634,-0.000116978220459,5.24569639785
9.62804550123e-05,-0.000142534440133,2.95117189736
0.00072306313158,-9.82126641894e-05,2.84164980993
-0.000501943087828,0.000123462392718,2.71691918598
0.000964651063807,-0.000168526649397,4.29951837566
-0.00180487511473,-0.00337079631377,0.48391827215
-8.92548555496e-05,0.00329813552226,2.58706092991
0.00225951039824,-0.000356888728717,5.11345940133
0.00289814024143,0.00131914674409,1.66281586391
-0.000327060574289,-0.000129669562249,0.573059051955
0.000887055577369,0.000600466612498,0.369584589533
0.00111513636486,-0.00124643353974,3.07170682761
0.00118114423727,0.00351335523146,4.59642962257
0.00494998987102,0.00656769847205,0.479880453613
0.00109154031167,0.00122857022153,2.655189976
0.000457554840209,0.000708880559132,4.4572355467
0.000256436397385,0.00125521180667,0.460442327895
-0.00057652178286,-0.0008850831339,3.69763302444
0.00885601419159,0.00316056535764,2.40008933203
0.00205081119116,0.00185033868634,0.506189928794
0.0001494887096,0.000219992321031,3.61302096809
-0.00205193376297,0.00936837890283,2.63450090109
-0.000996263694127,-0.00701338544353,2.41021539815
-0.00133678942864,0.00226719819336,3.18113148709
-0.00469862142847,0.000958360230836,4.31081616715
-0.00124069623349,0.00242679863106,0.869253658288
0.00236638001025,-0.00226858693912,6.12174596247
0.00188870324226,-0.00167013385437,5.43445938595
-0.000234713137567,0.000174659108306,0.152390266676
-0.0118059322363,-0.0120804856688,1.12009865716
-0.0038606202327,-0.00419934569066,2.79929643396
0.0660145011606,-0.000895441206931,1.9693876757
0.00141513912202,-5.61978027391e-05,1.79739002813
-0.00353378071267,0.0091899475739,2.79293705928
1.86074162581e-05,0.000672783321131,1.41921063724
0.00501681494634,0.000482943102269,0.717890407514
-0.000487013835363,-0.000531642181661,2.70673615243
-0.00095139266748,-0.00149571749288,5.60689900672
-0.00101934615144,0.000239614649199,2.08740098327
0.000629612482989,-0.000220650658696,1.05872729882
0.00320785412758,-0.00483737331981,5.7525218812
-0.00038692183885,-0.000971417015545,3.57479604997
0.00125981591534,-0.00152141229734,2.80556190083
-0.000931152559196,-0.0031761060445,2.21357568399
-0.00488829315712,0.00109615186549,4.70984249195
-0.00616024392602,-0.00838164769679,3.05811329682
-0.000184846255332,-0.000293000779825,2.01120955648
-0.000162160928567,-0.000466594465366,6.08300057226
-0.00375222929047,-0.00351908262059,1.52510694324
-0.000944950433336,-0.000369203932085,2.68875067153
0.00128481398501,-0.00632226313557,1.5522606523
0.000723172998214,-0.000477592749062,3.0614128577
0.0516839946942,-0.0623235024698,5.1544629551
0.0014274508905,0.00126344550625,2.13150272708
0.00119634464532,-0.00154587429578,3.93893505576
0.000763920874943,0.00211806978429,1.06474919463
0.000598419794071,-0.000393059363243,4.07910525399
0.00770475383547,0.00366667748553,6.21549329162
-0.0288203549988,-0.0071633515316,2.80324197385
0.00832195277918,-0.0125773026223,5.53584400322
-0.000495710943919,-0.00159982097958,0.716619008475
0.00113666093687,-0.00186895628846,3.07287658717
0.000171668815989,4.07141789076e-05,4.34010928312
-0.00044956696988,0.00109897014499,3.9952436122
0.000336914183526,0.000693038489446,2.12871000049
0.000215250055807,0.00059239622167,2.21670425283
-0.000203223941678,-2.52287001757e-05,1.26956489394
0.00178606706575,-0.00230160900252,2.31000560714
-0.000643892722494,-0.000622687679671,4.74267890402
0.00634695908308,0.0105059224329,0.605058871459
-0.000471676036871,-0.000584514715844,2.60578770164
0.00124236438893,0.000357061751908,1.62790207324
0.000218442006425,0.00253892504476,5.20357488331
-9.32087388802e-05,0.000358806605838,5.14741071771
-0.00233284431152,-0.00218929700838,5.07469801275
0.00108887436865,0.000197509160091,3.89010509527
-0.00213573040695,0.000153615407242,5.73665165844
0.00121152561767,-0.00669662436068,2.52547519569
-0.00248302440442,0.000233934519235,1.00947307561
-0.00356788145319,0.00112293222508,2.41108802746
0.00181574779987,0.000181873615057,0.0918932533115
0.00136360042271,-2.75424526811e-05,4.33589744862
-0.00231801829584,0.000904525209729,2.72673188356
-0.000387284387695,5.77629340852e-05,4.56172605564
0.000414419067606,0.00015943406575,3.40608879221
0.0176979982381,-0.0256267063926,3.59488508505
0.000135165221868,0.000971345423911,2.58282908205
-0.000236276591464,5.6004240182e-05,5.89383944678
-0.043725126226,0.0423061711119,5.68640622541
0.00241339269139,-0.00143448968477,5.68966734052
-2.0587566398e-05,-0.00192476930905,0.403659069858
-0.00384569330121,0.000634469746411,5.78910908508
0.000437825030333,-3.44884420017e-05,1.64176528205
-0.00756420733477,-0.0376500810693,2.09614863845
3.47695160936e-05,0.000288705320356,1.99655125442
0.00381699498483,0.00124480884645,1.76099365923
0.00183412258203,-3.5121886461e-05,3.3913382347
-0.00342213132272,-0.00155085678411,3.57310141734
0.00493576866273,0.00289404809812,5.35405547177
-0.00111596122188,-0.00606887469253,3.43451500883
5.52090685381e-05,-0.000563679251868,6.14722575454
8.79269836424e-05,0.00020320482283,3.70207706178
-0.000140337309546,-0.000383577581756,3.43573442674
-0.000524751748508,-0.000860366492508,4.97520320682
-0.00017566188383,0.000575352275664,6.07935040629
-0.00280331845026,-0.00436589626466,1.00614131186
0.0033947910777,-0.000380444842099,3.99594487099
-0.000408241942042,0.000177718254117,0.536826394819
0.00123830340788,-0.000448250778642,6.0598179067
0.000589837974273,-0.000507549694633,3.23074843403
-0.00177304264517,-0.000534664785495,4.27863324871
-0.00107172723734,0.00114230945525,4.84354749739
0.000291853963257,0.000851230916166,1.33045728314
0.000372858258978,7.37108353513e-05,5.40411461291
0.00188923832058,0.00574377182234,1.67509938803
-0.00364876507992,-0.00442788660509,6.00536303541
0.000257888328508,0.000117226478889,1.82513650979
0.0048579392461,-0.00592640670419,5.52373532343
-0.000907233416463,0.00292102245269,4.70960910154
-0.00160758859759,0.000496520360318,1.1653019762
0.00109453730847,0.000770856733984,4.95402008972
0.000791717829723,0.000108150793131,6.19982616266
0.00115521635381,0.0023406628675,4.36490029313
0.00243015988505,0.00318105656546,5.60884760659
0.00148090326743,-0.000664913021337,4.24086935356
0.00841871777694,-0.0040289158551,2.91984738435
-0.00183433409499,0.00170896652081,2.27416079792
-0.000117990025802,0.00131396204433,2.09781940639
-0.00192588732321,-0.00140164418599,5.93383510545
-4.58082622863e-05,0.000536822498804,1.25538708328
0.00116447555567,-0.00153171456067,0.885913201735
0.000142983863548,-0.00140790185811,2.15281650794
-0.000576945725807,-0.000504293465623,1.16046990407
-0.000514356656555,-0.000111708336526,3.80188982233
0.000607755785163,0.00238504458707,3.1622418326
0.000121463891312,0.000244941862647,4.04832366701
-0.000344908381671,-0.000626501790245,0.134668505969
0.00420166681228,0.00261940462175,0.696476904155
-0.000304760637019,-0.00203621736676,5.80070147944
-0.000316227624296,0.000538342648857,5.19018734042
-9.45476765924e-06,0.00439120021868,3.81914041309
-0.00516800078949,0.00397889795982,1.78873561216
-0.00034313759584,-0.000496717874057,0.850887518408
0.00524128286614,0.00268553125002,3.46838646306
-0.000403812084932,0.000722582383775,2.89650125741
0.00404320238432,0.0077758751625,5.09626328058
0.011672496736,-0.000862019603104,0.900250943763
-0.000636833469773,0.00113822101822,1.99410898491
-0.0349913156912,0.0104299575586,4.89268688341
0.000391854438557,-0.000260828994318,3.12522142288
-0.00181727384431,-0.0003645446947,4.66633546423
0.00236555443845,0.00128261108917,3.5526594546
-0.00274810569494,-0.00281273589025,0.523709055009
0.00207066797253,0.000809057810998,2.41471382368
-0.00140280898541,0.00169821473259,2.69876103992
0.00881709436322,-0.00119227423526,0.369521930918
-0.000693496564126,-0.001165507618,1.02477522203
-0.00109496234203,0.00302269480934,4.46438789582
0.00314504456195,0.00196949693992,1.95170658532
-0.00432531631949,0.00545481151234,1.6237823901
-0.000963217432404,-0.00247633505576,1.07020094303
0.000205197632329,0.000218032230722,2.3765400604
-0.00390302113643,0.000272394569537,3.63696919393
0.000834928831781,-0.00147221806265,1.09351772469
-0.0044813769001,0.00204962804576,0.295361111714
0.000422863764073,0.000296609570788,2.51526779304
0.002743894822,-0.00426887633839,2.67960441887
9.96420175744e-05,0.00102414806885,1.2903066879
-0.000294883459454,0.000572514567273,4.70473933032
0.000779501029084,0.00186443109157,1.92289199541
0.00169311084422,0.00255520127012,3.09821675897
-0.000660969983892,-0.000166052256992,2.92999975755
-0.000176382991103,3.99798363392e-05,0.728471012799
-0.000194842664212,0.000653663209166,2.9485772566
9.49392795544e-05,0.00159662440492,3.6587477716
0.000567088455308,0.00218382757003,4.26011379363
-0.00101384119775,-6.71141656751e-05,3.26084768152
-0.00132942723872,-0.00576461212996,2.46209856172
-0.01328886355,-0.000217385047516,0.816925946533
-0.00555388006365,0.00614038928708,3.49624276202
0.0016961525168,-0.00121489214455,2.56700990626
0.000655439566407,0.00633369324905,3.26252788689
-0.000382898970939,-0.0038652817014,0.120802776983
0.000258093088495,0.000364019290686,1.44451252887
0.000501821733722,0.00128631900763,3.71341761301
0.00197643723566,-8.88518840034e-06,4.84284282192
0.00176215050558,0.000320377469096,5.86722300711
0.0029542230288,-0.000111962142342,3.38828065319
-0.00306967244175,0.00227836406342,3.614961463
0.000232012874392,0.00294886883237,4.91407647223
0.0004870981125,-0.000265218894136,3.99200438381
0.00043039106552,-0.00116065093682,4.4359337644
0.00043113164089,0.00125848338117,2.10878102774
9.19825712331e-05,-0.000106725067673,0.862367450261
0.00198575684767,-0.00270295491745,2.92059695601
-0.000260392770151,7.03946323062e-05,2.64295287164
-0.000211351335454,0.00124507753212,3.16842884875
0.00384359091569,0.00517026265269,1.86419394347
0.00195601686039,-0.00370747146841,3.35679402505
0.0319593817566,0.0161704501831,2.29300157792
0.000854231960608,-0.0057539121476,0.829537658535
-0.00333174040063,-0.00198798738717,4.71054714522
0.011113782209,0.0043841329159,4.18060017235
0.00097491898694,0.00082873566532,3.0213942516
0.00101049264317,-0.000398294341888,4.81836292483
7.44688647729e-05,0.186047611745,2.85861639646
-0.00378389680448,0.000518963764111,2.83888809024
5.43596554417e-05,9.16184864272e-05,0.0518075275751
1.80629832387e-05,-0.000309450589995,2.10798496357
0.00229233158375,0.00702173844181,0.465941135875
-4.59295978169e-05,-0.000184210691988,2.10997896492
0.00864649268966,-0.000960682201031,1.61520581734
-0.000604079396984,7.19708332769e-05,4.6126246156
0.00289423924998,0.000643714351427,2.98557983198
0.00020849143126,0.000147059416489,1.56287943066
0.000179837212049,-0.000364616999776,0.915666612634
0.000155060434716,0.00179071962066,4.77554042539
0.000650194835602,-0.00105053953745,2.37878082515
-0.00614089175898,0.000628527571711,0.95309414461
0.000492947110981,0.00316486992398,1.7826394366
-0.00071832131356,0.0015567062673,2.32689163703
0.000674088838972,0.00131822960746,1.84881402406
-0.0431371710494,-0.0140533366378,3.83209896931
-0.000873616472611,0.000296584863314,1.43207720347
-0.00369918231734,-0.00130949923451,4.43683133394
-0.00176625179138,0.000441809667609,4.67103789319
8.54492542962e-05,0.00107840082047,4.2565647379
-0.00076764964685,0.000684064174864,1.99893742228
-0.0013361948268,-0.000730137675202,1.28361701646
-0.000277710146946,-0.00145398109253,6.06881892772
0.000604170409128,-4.41277913336e-05,2.36335107849
-0.000958869020399,0.00261775175119,2.3528370652
-1.4500511169e-05,-0.00112292667829,4.77681158729
-0.00121861594342,0.00296306744853,4.40874107422
0.00479256856338,-0.001074834437,5.88282671576
0.0131607952784,-0.0227817064879,2.46049022123
0.000553096388134,0.000812247787452,4.92011656653
0.00506200434568,-0.00196820215562,0.232853455111
1.44454453432e-05,-4.2232053906e-05,2.32360879216
0.00212005843269,0.000308877540381,1.5310123642
-0.00130672901541,-0.00020361439738,2.39101560378
-0.000367478787441,0.000858575806155,2.39736472404
-0.010355059158,-0.0209293015743,5.82848783788
0.000986224887938,0.00222501772248,4.46192697081
-0.00433396491021,-0.00142322937192,3.25567979488
0.00137894756001,0.000720806585677,5.60134722705
0.00343560081213,-0.00249650934194,5.87178611271
-0.000692082091123,2.01030960812e-05,4.52345974675
0.00147486221099,-0.000671219781833,3.36827178823
-0.00107021079415,-0.000381217220175,5.3224953579
-0.000207308802494,3.00283755176e-05,3.59238848213
-8.16620046294e-05,-0.000314835016174,3.0953194959
0.00226493740151,0.00176434362628,2.07538719618
0.000325702207516,-0.000226434804148,5.81786010217
-0.00156016416401,0.000615945280995,5.11292812616
0.000170020259059,-0.00072262539061,5.29019887411
0.00887683347675,0.00709409133051,0.142283221946
0.000894877790692,-0.00114881902519,5.8446802121
-0.00115594165493,-0.000121365011757,0.101179970548
-0.0222404644048,-0.00710084071275,3.80129768123
-0.000301203796275,-9.43056831566e-05,5.88115344894
-0.00147060501608,0.00377808657602,0.97648718383
-0.000253652460774,0.00010784667442,5.49298940159
-0.000602114638646,-0.00084554189881,2.23368218799
-0.00231161458569,0.00151059863208,1.63372405668
-0.00756282074791,-0.00563980898135,1.04261306364
-2.43456841183e-05,-0.000598875385117,3.09480433369
-0.000668257135323,-0.000347397169152,6.04865355478
-0.00457411124788,-0.0115696537312,2.79782478392
0.000319438126848,6.06124743053e-05,4.44373874906
0.000224645645478,-6.89431985935e-07,4.05361213263
0.000197440510113,0.000241769301365,4.77959569047
0.000178669304105,0.000205038967965,5.2682414654
-0.00342695008254,-0.0012494164345,0.107731299502
-1.24246630803,0.147052970763,0.00152491922585
0.00014485732085,0.000138862699371,3.80991666085
-0.0095375429941,0.00441922925661,2.55575334734
3.08091710811e-05,0.00545016018067,4.73913390148
0.000492501596821,-0.0014296603026,5.12740157543
0.0295592972238,-0.00737228460773,5.29340734521
-0.00121916255582,-0.00178778355195,0.886130928436
0.000490673318056,-0.00179720784165,1.50779967658
0.00109414549014,0.000677088338969,0.363349355284
0.0064455031156,0.00980655771931,4.63107124674
0.00168064569217,-0.00244559996215,4.41684804243
-0.000266731042836,-0.00354201516582,3.79737667359
-0.000717540146701,-0.00144452111815,1.44944795182
-0.000900283645409,-0.00545954207469,1.3192860064
8.55547627949e-05,-0.000445806160388,3.29033586346
-0.00721121936319,-0.00374015714336,0.507139777181
0.00378785610784,0.000888109952422,5.10966702365
0.00109401597969,-0.00112831491234,4.12811733809
-7.08012647136e-05,-0.000415481234505,4.49798191775
-0.00121546317494,0.00318675152972,3.50268596767
-0.00189981746163,0.00327150079543,2.31834611734
0.00317087813118,0.00140104858182,3.08570323161
-0.00487809900969,0.0102340329259,1.28250975043
0.00391067333996,-0.000264682563252,3.87179561113
0.000725098123694,-0.000365278533891,0.8310749817
-0.000440273731341,0.000350765494089,0.0144088387512
0.000280145040057,-0.000427107989422,1.80930382306
-4.73148115894e-05,0.000759643848313,3.56462047148
0.000214308737331,3.87649645792e-05,4.63947116961
0.00565741122804,-0.00711465119505,2.18788711512
0.0016939824452,0.00254984354045,1.66054607383
-0.0030728119583,-0.00231358655854,0.782324347629
-0.000245868416811,0.000136312598075,1.27288871396
-0.00965310789438,0.0173882323398,0.352964802087
-0.00644523500169,0.00770340985578,1.30309735412
-0.00172412190516,-0.00290288195242,5.47003575411
0.000302009497671,0.00026818479171,4.61139977928
0.0016997722125,-0.00201778873573,3.4289658798
0.00223336573663,0.000413682471249,5.94895074074
-0.000872462245344,-0.00122214064022,4.05620013631
0.00118977807706,0.00120638185654,0.0316161030322
0.00319627767733,-0.00153415613832,4.6651191296
0.0363679928526,-0.0722263509492,1.93573493971
-8.41191318451e-06,-0.000478218777642,0.694628876733
-0.000851947044383,-0.000680129156637,1.8044813683
-0.00335991657238,0.00481998268245,2.17546391918
0.00337652700843,0.00139906412588,4.99010723216
-6.55428859353e-05,-0.00123867743607,0.202996675927
0.0398820394301,-0.00603524751326,4.09341432003
0.00189739786062,0.00434203120806,3.21985225774
-0.00133339890063,-0.000337308768155,3.85941191505
-0.000293893429808,-7.93021816221e-05,3.05183394493
-0.00141767653781,0.00061443905111,1.95607089169
-0.000861599039631,0.00452948056345,4.79407570365
0.000244389406775,-0.000452822754949,0.055467906898
0.00061440315582,-0.000782478388394,5.50549456459
0.0161150177776,-0.00271515544046,5.75831833365
0.000539379921587,-2.76993127906e-06,1.50312498895
0.00102890996123,0.000456289314987,6.16701169011
0.00376036600812,0.000214734999212,4.56592660643
0.00162335905149,4.25376514913e-05,1.01748919089
-0.00132113752735,0.000852849704126,0.931911613524
6.71391384335e-05,-0.000751562152391,0.357375439171
0.00114533783513,-0.00151860886908,0.598437154613
-0.000881441141671,-0.000898336277959,1.18171859616
-0.000515536690268,0.000715619498135,3.52701707626
-0.000119775075849,0.00300624783958,3.24642885137
-0.00132704989044,0.00127654044328,3.0486259988
0.00211648252146,0.000573484312008,2.8577438887
-0.00760934672998,0.00305285391648,1.7927439561
0.00102912930253,0.00026315543153,3.47588824906
0.000906157475316,-0.00166164084038,3.74761375781
0.000267693710545,-0.000885088179572,4.88264131981
0.000676838006639,-0.000882068037049,2.0792995143
0.0055640955292,-0.00351961121086,5.56104803512
7.52208475911e-05,0.00108522968018,3.49045920434
-0.00277917685503,-0.00358381398855,4.74026909923
0.000284606683011,-0.000861544644834,0.364044231852
0.00117400846234,0.00121621554333,1.29680292124
-9.59120398329e-05,0.000180609324871,2.96327731062
-0.00406623034801,0.0010619285573,5.74619002541
-0.000953892592262,-0.00150708580782,1.43408277643
-0.00108074502952,-0.00063384786199,2.72805812438
-0.000331908262449,0.000341207684763,0.881684582613
-0.000780918238253,0.000693745141647,0.811853578834
0.00015283396278,0.000297681370869,0.69933620995
0.000579265801435,0.000699634081045,5.81847795588
-0.0023357894849,-0.00279863412105,2.39379900306
0.00270792251065,-0.00422343216604,3.80484277507
-0.00124838660392,0.000224798798155,6.25037565222
0.000537468119156,-2.51413604398e-05,2.5086218612
0.000280534959385,-0.000178255794069,1.30113789136
0.000259393069442,0.0026058087458,2.41457120104
0.00466047397056,0.000796250002036,0.652612707503
-0.000199026907089,-0.000215598746333,3.56440245221
0.00263069116174,-0.00314949615304,0.854307708588
-0.00162000537868,-0.0011808802294,5.68381319108
0.00070141879898,0.000989373611693,4.37169157093
-2.90902947859e-05,0.000403601595037,3.90556893095
-0.00185547776627,0.00057925976857,2.8986437021
0.00147358480555,0.00415538435723,5.07765460565
0.00389387426409,0.0016377470763,4.84067795386
-9.67246337218e-05,-3.76151303052e-05,4.29525020203
0.000792837336953,-0.000660994943827,3.44555822038
-0.00118550183578,-0.00222089920845,0.386926255022
-0.00132992744264,0.00374770561672,0.293949743607
-0.00152117043692,-0.00386165399123,5.60061146379
0.000808024396811,-0.000774386958324,3.75704671747
0.000673098875627,-0.00226149001628,6.02414533868
0.000762995916756,0.00034324892488,3.58899366535
0.00103175535951,0.000385078837762,0.0111312388128
-0.000248835296316,0.000134709318482,1.11391160479
0.00369424943273,0.00096574708505,1.56240365914
-0.000569844379258,-0.000542333922773,3.33026170816
0.000420813193361,0.000131041459197,1.0264355127
-0.00112218209501,-0.000451361547061,0.297232541053
-0.000310300111318,-0.000423544795317,0.411406646365
0.00176188865285,-0.000912436215913,1.00416035277
-0.0002093522399,-0.00319336757306,1.85823242898
-0.000199378106242,6.57031435333e-05,1.35055314437
-0.000619905796939,-0.000285083038216,5.93473432603
-0.000665200395017,0.00180268400545,1.14743322005
0.00109810255399,-0.000437206310426,5.69071005232
0.000292870695767,-0.000108656961511,1.0296442515
-0.0006190623681,-0.000451147945692,2.54551390997
0.0138935179256,-0.00758215904499,6.19717744331
0.000462619699459,0.001865500032,0.356416200046
-0.00108108208224,0.000314186158289,1.45269831632
-0.000321049821992,-0.00214916816687,2.07701874898
0.00186315894044,-0.00176532878652,1.98832888422
0.000412715884263,-0.00201895264153,3.77693652376
-5.39246749724e-05,-0.00571660611948,3.75472149874
0.000244408684369,-0.00374985661439,1.22279393896
-0.000837757785001,0.00206646448455,6.00600014254
0.00089972901524,-0.000400973198334,1.28459562008
0.000531323284659,-0.00226456693892,5.52359096774
-0.00259823630426,-0.00849033166742,5.85979044658
0.00343668030399,-0.00816337152858,2.85283934565
-9.23928486742e-05,-0.000708414409645,1.04010918619
0.0113087756902,-0.0818803532851,4.60763162425
0.0144680424784,0.0142876408424,1.03277681114
-0.00117734659305,-0.000305578350298,1.77753179206
-0.00161771651699,-0.00647540977402,1.3439594356
-0.000420610119481,0.00114231597016,2.32328543514
-0.000227191844352,0.00426949903707,5.67490774404
-0.000616985130418,0.00280646438894,4.39043683407
-0.0014632551491,0.000767215227756,0.954435579418
0.00165232762813,0.00221843849172,3.45866344555
-0.000175540654099,-0.0013497783245,5.69758584912
0.00251455746586,0.000317404835612,1.34369121398
-0.00908790871777,-0.00436275994414,4.4472399712
0.00118372768089,0.0005751809616,3.5903570594
0.000224318221922,0.00382411804816,0.89038310399
0.000292305410322,-0.000300120520817,1.11112146986
-0.00232229654842,-0.00110627535515,0.279433861532
0.00130223605445,0.00513257109266,4.45181849472
0.000587077309889,0.000616440810418,5.62438094154
0.000464320545462,-0.000430431472701,4.42370688761
0.0486144396541,-0.00522805735125,5.24567305617
-0.00022249728727,-0.000385402378032,3.59327325788
0.000585152743683,-0.000486680001103,3.32524038971
0.0011960255218,-0.000958210391541,4.57335971952
0.0028268221499,0.00256499534774,1.77348595399
-0.00293030228607,-0.00165532415699,5.68784634351
0.000947542626536,-0.000603839075169,2.3945272151
-0.000657861651065,-0.0020086863085,6.11388886989
-0.00081069427992,-0.000951510869148,0.578752897471
0.00028660503395,-0.000206051704722,2.81197692967
0.000566930861576,-6.61050778303e-05,5.08180199256
0.00105419438016,0.000697922939557,3.70765725699
0.000529506938114,-0.00292069668911,4.0194833261
0.000742917966662,-0.000656566278843,1.37914740179
0.000372256794128,-0.000343411868414,0.408803293777
-0.00509206890371,0.00427640126286,1.79949607465
-0.002165579995,-0.00316845962271,2.78594453314
-0.000480592012459,0.000444769610846,2.63299100634
0.000884001408658,-0.015789117263,2.26533472839
-0.000215051117106,-0.000207460738404,3.30757357016
0.000330701930991,-0.000880695041511,0.736540367584
-0.00102430499644,0.000980272357062,3.69788691359
0.00081431526614,0.000620402972901,6.19413853982
-0.00154525249213,-0.0041719103391,1.94025362106
0.00636012870146,0.00680134672661,5.90018446548
0.000595369864365,0.000524045649228,1.68466225029
-0.000651668481103,-0.000394274641051,3.43868116171
0.0008893941121,-5.51758127873e-05,4.99417568872
0.000426851965124,-0.000355088821698,2.67416169222
0.00554806998122,-0.00032868495908,5.45910562853
0.00100641691792,-0.000844724849449,5.09169490333
0.00281355483874,0.00310894765152,3.34617113492
0.000196471647883,-0.000254712411038,1.45926221781
-0.00630031090135,-0.0053849149531,6.15428428627
-0.000597954827763,-6.12446215733e-06,6.13355387747
0.000478490552777,-0.00092089465335,2.18748495688
0.0234665161463,-0.042777386423,0.841175242458
-0.00228665839178,-0.000545581907739,0.353774094763
-0.00349962370007,-0.00189731292383,3.67361711893
-3.94010960159e-05,-0.000174467649073,2.88048220881
0.00693112686447,-0.000960254370405,5.66563743246
0.000421446368961,-0.00290759115642,6.04708135033
0.000218272532769,0.000623331849854,2.91558572854
-0.00173555539614,-0.000791391219213,2.87401356016
-0.000265310864385,-0.000289720886845,1.77424011494
0.000469079127128,0.000470616000271,0.247554518291
-0.00195748088058,-0.000588970164967,0.547351736785
-0.00385425793994,-0.00135978361113,1.47425994083
0.000189114093322,-0.00079231727661,0.0934508644897
-5.52363223094e-05,-0.00310259246486,1.26267972129
-0.00180395037278,0.00125034525115,3.4914366792
7.86838537966e-05,0.000129046480395,1.2417286819
-0.00330826538994,0.00694118079705,2.23804758693
-5.25333924262e-05,-0.00151442329126,5.8451517708
0.00253827240246,-0.00778927497152,3.62243374393
-0.00294380385808,-0.00887676267342,1.08539033449
-0.0206269349449,0.020419733214,5.12341826822
-0.000500402141479,-0.000989331386309,0.0444786796906
-0.000298666701574,-0.00141872849048,5.56250023341
0.00329746847127,-8.33944701725e-05,2.60277932117
-0.000726047907346,1.00691210049e-07,2.21192969794
-0.000265070799148,-0.000262992868496,2.45144450339
0.000192815804374,-0.000380602771259,3.83801323313
0.00441315513332,-0.0081642276057,4.60549455493
0.000424081136811,-0.00192367236724,2.00852849288
-0.00025490958116,0.00365792107693,0.970435460425
-0.00728117163485,0.00286067043528,5.39278326501
-0.000352832313665,-0.000430487398153,3.89648628719
0.0156476139483,-0.00779846734517,0.623979170775
0.00458331951801,0.00692293778042,5.17164854856
-0.00073087630369,0.00370148018004,2.93941097638
-0.000340341197282,-0.000177077132889,1.67925816258
-0.00053203603222,0.00885786958626,2.38305973882
-0.000243594657327,-0.00016458083487,5.67760442266
-0.000336728982158,0.00105087678984,0.210037143314
0.000656248419837,4.23995982193e-05,6.27318603762
0.00238113139762,-0.000308851970649,5.96762928344
6.11987291889e-05,-0.00120333604764,1.51959794857
0.0010452586643,0.00566311971395,1.51379947001
-0.00105136766241,-0.00273783984392,3.47711192381
-0.000749447913345,0.00186499143155,3.01958555164
0.000323278091856,0.000205405269378,1.69595155717
0.171303116495,0.149588613618,6.1628080215
-0.000262718461779,-0.000421195377227,3.04054151322
-8.35605913672e-05,6.11008844661e-05,2.61293901026
0.00450976049855,-0.00129021548462,5.40731054925
-0.000126884253092,4.1355668519e-05,1.48092794401
0.000586306799838,-0.00419797939287,1.96769587429
-8.07433334456e-06,-0.000591751841312,5.719827125
-0.000667444798771,-0.00142106316363,5.15130225698
0.000585833527265,0.00230944596388,1.09697288367
0.00290016845105,-0.00164999131833,6.23856342116
0.00585599881969,0.00575121094276,3.67694211666
-0.000778551437347,-0.00481403174133,0.160688597548
0.000291183536457,-0.000511630238331,0.730187745664
-0.00037032706048,-0.000215484560122,0.118760521749
0.00123764728256,0.00254967553549,3.8765261338
0.0103932130818,0.00147004206949,3.65196702702
