﻿data_source_uuid,org_id,org_set_id,dataset_name,dataset_version,geom_type,geom_spec,boundary_type,has_attributes,download_method,download_subtype,download_data_standard,download_filename,download_url,download_auth,documentation_url
311,CDC/ATSDR,SVI,25-tract-2018,2018,,,tract,1,file,zip,gdb,SVI2018_MASSACHUSETTS_tract.gdb,https://svi.cdc.gov/Documents/Data/2018/db/states/Massachusetts.zip,,https://www.atsdr.cdc.gov/placeandhealth/svi/index.html
911,Census,TIGER/Line,25-tract-2018,2018,polygon,"""{""stage_transform"":[""dplyr::mutate(staged,geom_source_coding='GEOID',geom_source_value=GEOID,geom_name=dplyr::select(sf::st_drop_geometry(staged), n = if('NAME' %in% colnames(staged)) 'NAME' else 'NAMELSAD')$n,geom_local_value=geometry,geom_local_epsg=sf::st_crs(staged, paramaters=TRUE)$epsg)""]}""",tract,0,file,zip,shp,tl_2018_25_tract.shp,https://www2.census.gov/geo/tiger/TIGER2018/TRACT/tl_2018_25_tract.zip,,https://www.census.gov/geographies/mapping-files/time-series/geo/tiger-line-file.html
1234,Census,TIGER/Line,us-county-2018,2018,polygon,"{""stage_transform"":[""dplyr::mutate(staged,geom_source_coding='GEOID',geom_source_value=GEOID,geom_name=dplyr::select(sf::st_drop_geometry(staged), n = if('NAME' %in% colnames(staged)) 'NAME' else 'NAMELSAD')$n,geom_local_value=geometry,geom_local_epsg=sf::st_crs(staged, paramaters=TRUE)$epsg)""]}",county,0,file,zip,shp,tl_2018_us_county.shp,https://www2.census.gov/geo/tiger/TIGER2018/COUNTY/tl_2018_us_county.zip,,https://www.census.gov/geographies/mapping-files/time-series/geo/tiger-line-file.html
7777,EPA,AQS,annual_conc_by_monitor_2018,2018,point,,,1,file,zip,csv,annual_conc_by_monitor_2018.csv,https://aqs.epa.gov/aqsweb/airdata/annual_conc_by_monitor_2018.zip,,https://www.epa.gov/aqs
7778,EPA,AQS,annual_conc_by_monitor_2018,2018,point,"{""stage_transform"":[""dplyr::mutate(staged,geom_source_coding='state_count_site',geom_source_value=paste0(staged$State.Code, '_', staged$County.Code, '_', staged$Site.Num),geom_name=Local.Site.Name,geom_local_value=sf::st_as_sf(staged, coords=c('Longitude', 'Latitude'))$geometry,geom_local_epsg=dplyr::left_join(staged['Datum'], tibble(Datum = c('NAD83', 'WGS84'), epsg = c(4326, 4269)))[['epsg']])""]}",,1,file,zip,csv,annual_conc_by_monitor_2018.csv,https://aqs.epa.gov/aqsweb/airdata/annual_conc_by_monitor_2018.zip,,https://www.epa.gov/aqs
